RCDT,Site Number,Site Name,Site Address,Site City,Site County,Site Zip,Zip 5,Free Eligibles,Reduced Eligibles,Free and Reduced,Enrollment,Eligibility Percent,Participates in CEP
7016110002,11303,Charles J Sahs Elem School,5001 S Long Ave,Chicago,Cook,60638-1733,60638,359,0,359,359,100%,X
15016299025,11834,Amundsen High School,5110 N Damen Ave,Chicago,Cook,60625-1317,60625,1234,0,1234,1234,100%,X
15016299025,11835,Austin College and Career Academy High School,231 N Pine Ave,Chicago,Cook,60644-2333,60644,251,0,251,251,100%,X
15016299025,11836,Bogan High School,3939 W 79th St,Chicago,Cook,60652-2301,60652,812,0,812,812,100%,X
15016299025,11839,Carver Military Academy HS,13100 S Doty Ave,Chicago,Cook,60827-1597,60827,488,0,488,488,100%,X
15016299025,11840,Crane Medical Prep HS,2245 W Jackson Blvd,Chicago,Cook,60612-2910,60612,496,0,496,496,100%,X
15016299025,11842,Urban Prep Chtr Acad Englewood HS,6201 S Stewart Ave,Chicago,Cook,60621-3247,60621,269,0,269,269,100%,X
15016299025,11843,Farragut Career Academy HS,2345 S Christiana Ave,Chicago,Cook,60623-3217,60623,739,0,739,739,100%,X
15016299025,11844,Fenger Academy High School,11220 S Wallace St,Chicago,Cook,60628-4728,60628,338,0,338,338,100%,X
15016299025,11845,Foreman High School,3235 N Leclaire Ave,Chicago,Cook,60641-4290,60641,807,0,807,807,100%,X
15016299025,11846,Gage Park High School,5630 S Rockwell St,Chicago,Cook,60629-1030,60629,382,0,382,382,100%,X
15016299025,11847,Harlan Community Academy HS,9652 S Michigan Ave,Chicago,Cook,60628-1415,60628,427,0,427,427,100%,X
15016299025,11848,Harper High School,6520 S Wood St,Chicago,Cook,60636-3002,60636,151,0,151,151,100%,X
15016299025,11849,Hirsch Metropolitan High School,7740 S Ingleside Ave,Chicago,Cook,60619-3207,60619,170,0,170,170,100%,X
15016299025,11850,Hubbard High School,6200 S Hamlin Ave,Chicago,Cook,60629-4030,60629,1807,0,1807,1807,100%,X
15016299025,11851,Hyde Park Academy High School,6220 S Stony Island Ave,Chicago,Cook,60637-2998,60637,898,0,898,898,100%,X
15016299025,11852,Kelly High School,4136 S California Ave,Chicago,Cook,60632-1817,60632,1917,0,1917,1917,100%,X
15016299025,11853,Kelvyn Park High School,4343 W Wrightwood Ave,Chicago,Cook,60639-2060,60639,465,0,465,465,100%,X
15016299025,11854,Kennedy High School,6325 W 56th St,Chicago,Cook,60638-2539,60638,1411,0,1411,1692,83.37%,X
15016299025,11855,Kenwood Academy High School,5015 S Blackstone Ave,Chicago,Cook,60615-3086,60615,1494,0,1494,1776,84.11%,X
15016299025,11856,Lake View High School,4015 N Ashland Ave,Chicago,Cook,60613-2593,60613,1382,0,1382,1435,96.3%,X
15016299025,11857,Lane Technical High School,2501 W Addison St,Chicago,Cook,60618-5902,60618,2884,0,2884,4461,64.64%,X
15016299025,11858,Lindblom Math & Science Acad HS,6130 S Wolcott Ave,Chicago,Cook,60636-2100,60636,958,0,958,1333,71.81%,X
15016299025,11859,Marshall Metropolitan High School,3250 W Adams St,Chicago,Cook,60624-2901,60624,391,0,391,391,100%,X
15016299025,11860,Mather High School,5835 N Lincoln Ave,Chicago,Cook,60659-4610,60659,1421,0,1421,1454,97.7%,X
15016299025,11861,Morgan Park High School,1744 W Pryor Ave,Chicago,Cook,60643-3497,60643,1302,0,1302,1302,100%,X
15016299025,11862,Orr Academy High School,730 N Pulaski Rd,Chicago,Cook,60624-1063,60624,295,0,295,295,100%,X
15016299025,11863,Phillips Academy High School,244 E Pershing Rd,Chicago,Cook,60653-2222,60653,672,0,672,672,100%,X
15016299025,11864,Roosevelt High School,3436 W Wilson Ave,Chicago,Cook,60625-5318,60625,1125,0,1125,1125,100%,X
15016299025,11865,Schurz High School,3601 N Milwaukee Ave,Chicago,Cook,60641-3033,60641,1780,0,1780,1780,100%,X
15016299025,11866,Senn High School,5900 N Glenwood Ave,Chicago,Cook,60660-3312,60660,2031,0,2031,2031,100%,X
15016299025,11868,King College Prep High School,4445 S Drexel Blvd,Chicago,Cook,60653-3551,60653,560,0,560,628,89.04%,X
15016299025,11869,Steinmetz College Prep HS,3030 N Mobile Ave,Chicago,Cook,60634-4041,60634,1310,0,1310,1311,99.92%,X
15016299025,11870,Sullivan High School,6631 N Bosworth Ave,Chicago,Cook,60626-4223,60626,767,0,767,767,100%,X
15016299025,11871,Taft High School,6530 W Bryn Mawr Ave,Chicago,Cook,60631-3185,60631,2190,0,2190,3385,64.69%,X
15016299025,11872,Tilden Career Communty Academy HS,4747 S Union Ave,Chicago,Cook,60609-4437,60609,283,0,283,283,100%,X
15016299025,11873,Von Steuben Metro Science HS,5039 N Kimball Ave,Chicago,Cook,60625-4905,60625,1436,0,1436,1732,82.87%,X
15016299025,11874,Lincoln Park High School,2001 N Orchard St,Chicago,Cook,60614-4404,60614,1345,0,1345,2145,62.66%,X
15016299025,11875,Washington G High School,3535 E 114th St,Chicago,Cook,60617-7021,60617,1455,0,1455,1455,100%,X
15016299025,11876,Wells Community Academy HS,936 N Ashland Ave,Chicago,Cook,60622-5118,60622,403,0,403,403,100%,X
15016299025,11877,Chicago Vocational Career Acad HS,2100 E 87th St,Chicago,Cook,60617-3011,60617,940,0,940,940,100%,X
15016299025,11878,Dunbar Vocational Career Acad HS,3000 S King Dr,Chicago,Cook,60616-3452,60616,532,0,532,532,100%,X
15016299025,11880,Jones College Prep High School,700 S State St,Chicago,Cook,60605-2109,60605,888,0,888,1877,47.26%,X
15016299025,11881,Prosser Career Academy HS,2148 N Long Ave,Chicago,Cook,60639-2914,60639,1445,0,1445,1445,100%,X
15016299025,11882,Richards Career Academy HS,5009 S Laflin St,Chicago,Cook,60609-4940,60609,234,0,234,234,100%,X
15016299025,11883,Simeon Career Academy High School,8147 S Vincennes Ave,Chicago,Cook,60620-1761,60620,1375,0,1375,1375,100%,X
15016299025,11885,Corliss High School,821 E 103rd St,Chicago,Cook,60628-3003,60628,316,0,316,316,100%,X
15016299025,11886,Clemente Community Academy HS,1147 N Western Ave,Chicago,Cook,60622-2931,60622,787,0,787,787,100%,X
15016299025,11887,Manley Career Academy High School,2935 W Polk St,Chicago,Cook,60612-3904,60612,136,0,136,136,100%,X
15016299025,11888,Curie Metropolitan High School,4959 S Archer Ave,Chicago,Cook,60632-3622,60632,2942,0,2942,2942,100%,X
15016299025,11889,Julian High School,10330 S Elizabeth St,Chicago,Cook,60643-2394,60643,597,0,597,597,100%,X
15016299025,11890,Young Magnet High School,211 S Laflin St,Chicago,Cook,60607-5305,60607,1045,0,1045,2174,48.05%,X
15016299025,11891,Collins Academy High School,1313 S Sacramento Dr,Chicago,Cook,60623-2218,60623,297,0,297,297,100%,X
15016299025,11892,Robeson High School,6835 S Normal Blvd,Chicago,Cook,60621-2535,60621,166,0,166,166,100%,X
15016299025,11893,Juarez Community Academy HS,2150 S Laflin St,Chicago,Cook,60608-4409,60608,1751,0,1751,1751,100%,X
15016299025,11895,Chicago HS for Agricult Sciences,3857 W 111th St,Chicago,Cook,60655-4009,60655,422,0,422,726,58.03%,X
15016299025,11897,KIPP Chicago Charter Schools,4818 W Ohio St,Chicago,Cook,60644-1702,60644,2033,0,2033,2033,100%,X
15016299025,11906,Brooks College Prep Academy HS,250 E 111th St,Chicago,Cook,60628-4324,60628,752,0,752,975,77.04%,X
15016299025,11908,Jackson M Elem School,917 W 88th St,Chicago,Cook,60620-3204,60620,354,0,354,354,100%,X
15016299025,11910,Green  W Elem School,1150 W 96th St,Chicago,Cook,60643-1461,60643,371,0,371,371,100%,X
15016299025,11913,Addams Elem School,10810 S Avenue H,Chicago,Cook,60617-6726,60617,721,0,721,721,100%,X
15016299025,11914,Agassiz Elem School,2851 N Seminary Ave,Chicago,Cook,60657-4363,60657,311,0,311,467,66.56%,X
15016299025,11915,Alcott Elem School,2625 N Orchard St,Chicago,Cook,60614-1573,60614,427,0,427,953,44.72%,X
15016299025,11916,Aldridge Elem School,630 E 131st St,Chicago,Cook,60827-1309,60827,204,0,204,204,100%,X
15016299025,11919,Armour Elem School,950 W 33rd Pl,Chicago,Cook,60608-6712,60608,281,0,281,281,100%,X
15016299025,11920,Armstrong G Elem IntL Studies,2110 W Greenleaf Ave,Chicago,Cook,60645-3620,60645,1430,0,1430,1430,100%,X
15016299025,11922,Audubon Elem School,3500 N Hoyne Ave,Chicago,Cook,60618-6112,60618,234,0,234,575,40.55%,X
15016299025,11923,Avalon Park Elem School,8045 S Kenwood Ave,Chicago,Cook,60619-3494,60619,298,0,298,298,100%,X
15016299025,11926,Barnard Elem Comp Math & Sci Ctr,10354 S Charles St,Chicago,Cook,60643-2998,60643,326,0,326,334,97.57%,X
15016299025,11927,Barry Elem School,2828 N Kilbourn Ave,Chicago,Cook,60641-5381,60641,668,0,668,668,100%,X
15016299025,11928,Barton Elem School,7650 S Wolcott Ave,Chicago,Cook,60620-5227,60620,399,0,399,399,100%,X
15016299025,11929,Bass Elem School,1140 W 66th St,Chicago,Cook,60621-1240,60621,454,0,454,454,100%,X
15016299025,11930,Bateman Elem School,4220 N Richmond St,Chicago,Cook,60618-2616,60618,1022,0,1022,1022,100%,X
15016299025,11931,Nicholson Technology Acad Elem Sch,6006 S Peoria St,Chicago,Cook,60621-2114,60621,481,0,481,481,100%,X
15016299025,11932,Beaubien Elem School,5025 N Laramie Ave,Chicago,Cook,60630-2326,60630,790,0,790,1100,71.78%,X
15016299025,11933,Beethoven Elem School,25 W 47th St,Chicago,Cook,60609-4627,60609,389,0,389,389,100%,X
15016299025,11934,Beidler Elem School,3151 W Walnut St,Chicago,Cook,60612-1836,60612,448,0,448,448,100%,X
15016299025,11935,Belding Elem School,4257 N Tripp Ave,Chicago,Cook,60641-2042,60641,467,0,467,516,90.43%,X
15016299025,11936,Bell Elem School,3730 N Oakley Ave,Chicago,Cook,60618-4813,60618,256,0,256,963,26.54%,X
15016299025,11937,Bennett Elem School,10115 S Prairie Ave,Chicago,Cook,60628-2135,60628,301,0,301,301,100%,X
15016299025,11939,Black Magnet Elem School,9101 S Euclid Ave,Chicago,Cook,60617-3749,60617,439,0,439,439,100%,X
15016299025,11940,Blaine Elem School,1420 W Grace St,Chicago,Cook,60613-2802,60613,247,0,247,838,29.46%,X
15016299025,11941,Bond Elem School,7050 S May St,Chicago,Cook,60621-1114,60621,299,0,299,299,100%,X
15016299025,11942,Boone Elem School,6710 N Washtenaw Ave,Chicago,Cook,60645-4511,60645,832,0,832,832,100%,X
15016299025,11943,Bradwell Comm Arts & Sci Elem Sch,7736 S Burnham Ave,Chicago,Cook,60649-4702,60649,499,0,499,499,100%,X
15016299025,11944,Haley Elem Academy,11411 S Eggleston Ave,Chicago,Cook,60628-4737,60628,542,0,542,542,100%,X
15016299025,11945,Brennemann Elem School,4251 N Clarendon Ave,Chicago,Cook,60613-1523,60613,445,0,445,445,100%,X
15016299025,11946,Brentano Elem Math & Science Acad,2723 N Fairfield Ave,Chicago,Cook,60647-1827,60647,501,0,501,501,100%,X
15016299025,11947,Bridge Elem School,3800 N New England Ave,Chicago,Cook,60634-2346,60634,1038,0,1038,1122,92.51%,X
15016299025,11948,Bright Elem School,10740 S Calhoun Ave,Chicago,Cook,60617-6418,60617,296,0,296,296,100%,X
15016299025,11949,Brown  W Elem School,54 N Hermitage Ave,Chicago,Cook,60612-2631,60612,255,0,255,255,100%,X
15016299025,11950,Brownell Elem School,6741 S Michigan Ave,Chicago,Cook,60637-3920,60637,218,0,218,218,100%,X
15016299025,11951,Bouchet Elem Math & Science Acad,7355 S Jeffery Blvd,Chicago,Cook,60649-3121,60649,612,0,612,612,100%,X
15016299025,11952,Budlong Elem School,2701 W Foster Ave,Chicago,Cook,60625-3507,60625,775,0,775,775,100%,X
15016299025,11953,Burbank Elem School,2035 N Mobile Ave,Chicago,Cook,60639-3809,60639,909,0,909,909,100%,X
15016299025,11954,Burke Elem School,5356 S King Dr,Chicago,Cook,60615-3643,60615,434,0,434,434,100%,X
15016299025,11955,Burley Elem School,1630 W Barry Ave,Chicago,Cook,60657-3016,60657,161,0,161,538,29.85%,X
15016299025,11956,Burnham Elem Inclusive Academy,9928 S Crandon Ave,Chicago,Cook,60617-5294,60617,533,0,533,533,100%,X
15016299025,11957,Castellanos Elem School,2524 S Central Park Ave,Chicago,Cook,60623-3940,60623,606,0,606,606,100%,X
15016299025,11958,Burnside Elem Scholastic Academy,650 E 91st Pl,Chicago,Cook,60619-7698,60619,468,0,468,468,100%,X
15016299025,11959,Burr Elem School,1621 W Wabansia Ave,Chicago,Cook,60622-1439,60622,281,0,281,436,64.4%,X
15016299025,11960,Burroughs Elem School,3542 S Washtenaw Ave,Chicago,Cook,60632-1639,60632,480,0,480,480,100%,X
15016299025,11961,Brunson Math & Sci Specialty Elem,932 N Central Ave,Chicago,Cook,60651-2705,60651,488,0,488,488,100%,X
15016299025,11963,Byrne Elem School,5329 S Oak Park Ave,Chicago,Cook,60638-1117,60638,497,0,497,679,73.11%,X
15016299025,11964,Caldwell Elem Acad of Math & Sci,8546 S Cregier Ave,Chicago,Cook,60617-2296,60617,272,0,272,272,100%,X
15016299025,11966,Cameron Elem School,1234 N Monticello Ave,Chicago,Cook,60651-2217,60651,787,0,787,787,100%,X
15016299025,11967,Canty Elem School,3740 N Panama Ave,Chicago,Cook,60634-2021,60634,583,0,583,866,67.32%,X
15016299025,11968,Carnegie Elem School,1414 E 61st Pl,Chicago,Cook,60637-2999,60637,638,0,638,638,100%,X
15016299025,11970,Carroll Elem School,2929 W 83rd St,Chicago,Cook,60652-3400,60652,434,0,434,434,100%,X
15016299025,11971,Carter Elem School,5740 S Michigan Ave,Chicago,Cook,60637-1156,60637,435,0,435,435,100%,X
15016299025,11972,Cassell Elem School,11314 S Spaulding Ave,Chicago,Cook,60655-2736,60655,159,0,159,414,38.17%,X
15016299025,11973,Cather Elem School,2908 W Washington Blvd,Chicago,Cook,60612-1934,60612,389,0,389,389,100%,X
15016299025,11974,Chalmers Elem Specialty School,2745 W Roosevelt Rd,Chicago,Cook,60608-1047,60608,380,0,380,380,100%,X
15016299025,11975,Chappell Elem School,2135 W Foster Ave,Chicago,Cook,60625-1268,60625,584,0,584,584,100%,X
15016299025,11976,Chase Elem School,2021 N Point St,Chicago,Cook,60647-4016,60647,425,0,425,425,100%,X
15016299025,11977,Clay Elem School,13231 S Burley Ave,Chicago,Cook,60633-1492,60633,628,0,628,628,100%,X
15016299025,11978,Cleveland Elem School,3121 W Byron St,Chicago,Cook,60618-3403,60618,565,0,565,565,100%,X
15016299025,11979,Clinton Elem School,6110 N Fairfield Ave,Chicago,Cook,60659-2647,60659,1210,0,1210,1210,100%,X
15016299025,11980,Clissold Elem School,2350 W 110th Pl,Chicago,Cook,60643-3993,60643,376,0,376,513,73.15%,X
15016299025,11981,Coles Elem Language Academy,8441 S Yates Blvd,Chicago,Cook,60617-1995,60617,436,0,436,436,100%,X
15016299025,11983,Columbus Elem School,1003 N Leavitt St,Chicago,Cook,60622-3522,60622,290,0,290,290,100%,X
15016299025,11984,Cook Elem School,8150 S Bishop St,Chicago,Cook,60620-3854,60620,384,0,384,384,100%,X
15016299025,11985,Coonley Elem School,4046 N Leavitt St,Chicago,Cook,60618-2922,60618,402,0,402,1008,39.81%,X
15016299025,11986,Cooper Elem Dual Language Academy,1624 W 19th St,Chicago,Cook,60608-2902,60608,460,0,460,460,100%,X
15016299025,11987,Corkery Elem School,2510 S Kildare Ave,Chicago,Cook,60623-3660,60623,530,0,530,530,100%,X
15016299025,11988,Crown Elem Comm Acd Fine Arts Ctr,2128 S Saint Louis Ave,Chicago,Cook,60623-3121,60623,266,0,266,266,100%,X
15016299025,11989,Darwin Elem School,3116 W Belden Ave,Chicago,Cook,60647-2806,60647,533,0,533,533,100%,X
15016299025,11990,Davis N Elem School,3014 W 39th Pl,Chicago,Cook,60632-2402,60632,744,0,744,744,100%,X
15016299025,11991,Dawes Elem School,3810 W 81st Pl,Chicago,Cook,60652-2400,60652,994,0,994,994,100%,X
15016299025,11993,Deneen Elem School,7240 S Wabash Ave,Chicago,Cook,60619-1092,60619,524,0,524,524,100%,X
15016299025,11994,Dett Elem School,2131 W Monroe St,Chicago,Cook,60612-3014,60612,316,0,316,316,100%,X
15016299025,11995,Chopin Elem School,2450 W Rice St,Chicago,Cook,60622-4612,60622,433,0,433,433,100%,X
15016299025,11996,Dever Elem School,3436 N Osceola Ave,Chicago,Cook,60634-3344,60634,648,0,648,784,82.57%,X
15016299025,11997,Dewey Elem Academy of Fine Arts,5415 S Union Ave,Chicago,Cook,60609-5244,60609,423,0,423,423,100%,X
15016299025,11998,Disney Elem Magnet School,4140 N Marine Dr,Chicago,Cook,60613-2311,60613,1306,0,1306,1567,83.3%,X
15016299025,11999,Dixon Elem School,8306 S Saint Lawrence Ave,Chicago,Cook,60619-5791,60619,567,0,567,567,100%,X
15016299025,12003,James R Doolittle Academy,535 E 35th St,Chicago,Cook,60616-4111,60616,280,0,280,280,100%,X
15016299025,12004,Dore Elem School,6108 S Natoma Ave,Chicago,Cook,60638-4116,60638,533,0,533,718,74.19%,X
15016299025,12006,Drake Elem School,2710 S Dearborn St,Chicago,Cook,60616-2684,60616,356,0,356,356,100%,X
15016299025,12007,Drummond Elem School,1845 W Cortland St,Chicago,Cook,60622-1036,60622,131,0,131,349,37.35%,X
15016299025,12008,Dubois Elem School,330 E 133rd St,Chicago,Cook,60827-1807,60827,237,0,237,237,100%,X
15016299025,12009,Dulles Elem School,6311 S Calumet Ave,Chicago,Cook,60637-3198,60637,664,0,664,664,100%,X
15016299025,12011,Dunne Technology Acad Elem Sch,10845 S Union Ave,Chicago,Cook,60628-3115,60628,259,0,259,259,100%,X
15016299025,12012,Dvorak Technology Acad Elem Sch,3615 W 16th St,Chicago,Cook,60623-2001,60623,391,0,391,391,100%,X
15016299025,12013,Earle Elem School,2040 W 62nd St,Chicago,Cook,60636-2153,60636,420,0,420,420,100%,X
15016299025,12014,Eberhart Elem School,3400 W 65th Pl,Chicago,Cook,60629-3402,60629,1388,0,1388,1388,100%,X
15016299025,12015,Ebinger Elem School,7350 W Pratt Ave,Chicago,Cook,60631-1121,60631,227,0,227,838,27.07%,X
15016299025,12016,Edgebrook Elem School,6525 N Hiawatha Ave,Chicago,Cook,60646-2938,60646,98,0,98,510,19.19%,X
15016299025,12018,Edwards Elem School,4815 S Karlov Ave,Chicago,Cook,60632-4123,60632,1550,0,1550,1550,100%,X
15016299025,12020,Ellington Elem School,243 N Parkside Ave,Chicago,Cook,60644-2243,60644,534,0,534,534,100%,X
15016299025,12023,Ericson Elem Scholastic Academy,3600 W 5th Ave,Chicago,Cook,60624-3162,60624,478,0,478,478,100%,X
15016299025,12024,Esmond Elem School,1865 W Montvale Ave,Chicago,Cook,60643-4217,60643,277,0,277,277,100%,X
15016299025,12025,Everett Elem School,3419 S Bell Ave,Chicago,Cook,60608-6010,60608,203,0,203,203,100%,X
15016299025,12026,Evers Elem School,9811 S Lowe Ave,Chicago,Cook,60628-1014,60628,284,0,284,284,100%,X
15016299025,12027,Falconer Elem School,3020 N Lamon Ave,Chicago,Cook,60641-5195,60641,1187,0,1187,1187,100%,X
15016299025,12028,Faraday Elem School,3250 W Monroe St,Chicago,Cook,60624-2919,60624,288,0,288,288,100%,X
15016299025,12029,Farnsworth Elem School,5414 N Linder Ave,Chicago,Cook,60630-1329,60630,517,0,517,608,84.93%,X
15016299025,12032,Fernwood Elem School,10041 S Union Ave,Chicago,Cook,60628-1824,60628,303,0,303,303,100%,X
15016299025,12033,Field Elem School,7019 N Ashland Blvd,Chicago,Cook,60626-2716,60626,160,0,160,160,100%,X
15016299025,12034,Fiske Elem School,6020 S Langley Ave,Chicago,Cook,60637-2595,60637,475,0,475,475,100%,X
15016299025,12035,Fort Dearborn Elem School,9025 S Throop St,Chicago,Cook,60620-3523,60620,371,0,371,371,100%,X
15016299025,12036,Franklin Elem Fine Arts Center,225 W Evergreen Ave,Chicago,Cook,60610-1813,60610,228,0,228,373,60.99%,X
15016299025,12038,Fuller Elem School,4214 S Saint Lawrence Ave,Chicago,Cook,60653-2926,60653,380,0,380,380,100%,X
15016299025,12039,Fulton Elem School,5300 S Hermitage Ave,Chicago,Cook,60609-5726,60609,341,0,341,341,100%,X
15016299025,12040,Funston Elem School,2010 N Central Park Ave,Chicago,,60647-3659,60647,473,0,473,473,100%,X
15016299025,12041,Gale Elem Community Academy,1631 W Jonquil Ter,Chicago,Cook,60626-1103,60626,323,0,323,323,100%,X
15016299025,12042,Gallistel Elem Language Academy,10347 S Ewing Ave,Chicago,Cook,60617-6028,60617,794,0,794,794,100%,X
15016299025,12043,Garvy  J Elem School,5225 N Oak Park Ave,Chicago,Cook,60656-2139,60656,457,0,457,833,54.76%,X
15016299025,12044,Gary Elem School,3740 W 31st St,Chicago,Cook,60623-5035,60623,1126,0,1126,1126,100%,X
15016299025,12047,Goethe Elem School,2236 N Rockwell St,Chicago,Cook,60647-3004,60647,768,0,768,768,100%,X
15016299025,12049,Owens Community Academy ES,12302 S State St,Chicago,Cook,60628-6811,60628,403,0,403,403,100%,X
15016299025,12050,Goudy Technology Academy,5120 N Winthrop Ave,Chicago,Cook,60640-3112,60640,711,0,711,711,100%,X
15016299025,12051,Graham  A Elem School,4436 S Union Ave,Chicago,Cook,60609-3465,60609,418,0,418,418,100%,X
15016299025,12053,Gray Elem School,3730 N Laramie Ave,Chicago,Cook,60641-3338,60641,1106,0,1106,1106,100%,X
15016299025,12054,Greeley Elem School,832 W Sheridan Rd,Chicago,Cook,60613-3004,60613,573,0,573,573,100%,X
15016299025,12055,Greene N Elem School,3525 S Honore St,Chicago,Cook,60609-1210,60609,663,0,663,663,100%,X
15016299025,12056,Gregory Math & Sci Elem Academy,3715 W Polk St,Chicago,Cook,60624-4016,60624,356,0,356,356,100%,X
15016299025,12057,Gresham Elem School,8524 S Green St,Chicago,Cook,60620-3234,60620,327,0,327,327,100%,X
15016299025,12058,Grimes Elem School,5450 W 64th Pl,Chicago,Cook,60638-5634,60638,459,0,459,459,100%,X
15016299025,12060,Haines Elem School,247 W 23rd Pl,Chicago,Cook,60616-1907,60616,680,0,680,689,98.59%,X
15016299025,12061,Gillespie Elem School,9301 S State St,Chicago,Cook,60619-7296,60619,500,0,500,500,100%,X
15016299025,12062,Hale Elem School,6140 S Melvina Ave,Chicago,Cook,60638-4300,60638,903,0,903,937,96.34%,X
15016299025,12063,Hamilton Elem School,1650 W Cornelia Ave,Chicago,Cook,60657-1228,60657,193,0,193,480,40.09%,X
15016299025,12064,Hamline Elem School,4747 S Bishop St,Chicago,Cook,60609-4206,60609,545,0,545,545,100%,X
15016299025,12065,Hammond Elem School,2819 W 21st Pl,Chicago,Cook,60623-3503,60623,441,0,441,441,100%,X
15016299025,12066,Bret Harte Elem School,1556 E 56th St,Chicago,Cook,60637-1911,60637,320,0,320,320,100%,X
15016299025,12068,Harvard Elem School,7525 S Harvard Ave,Chicago,Cook,60620-1616,60620,396,0,396,396,100%,X
15016299025,12069,Haugan Elem School,4540 N Hamlin Ave,Chicago,Cook,60625-5928,60625,918,0,918,918,100%,X
15016299025,12070,Hawthorne Elem Scholastic Academy,3319 N Clifton Ave,Chicago,Cook,60657-2224,60657,178,0,178,568,31.33%,X
15016299025,12071,Hayt Elem School,1518 W Granville Ave,Chicago,Cook,60660-1812,60660,1011,0,1011,1011,100%,X
15016299025,12072,Healy Elem School,3010 S Parnell Ave,Chicago,Cook,60616-3199,60616,1422,0,1422,1422,100%,X
15016299025,12073,Hearst Elem School,4640 S Lamon Ave,Chicago,Cook,60638-2044,60638,365,0,365,365,100%,X
15016299025,12074,Hedges Elem School,4747 S Winchester Ave,Chicago,Cook,60609-4140,60609,670,0,670,670,100%,X
15016299025,12075,Hefferan Elem School,4409 W Wilcox St,Chicago,Cook,60624-2550,60624,352,0,352,352,100%,X
15016299025,12076,Henderson Elem School,5650 S Wolcott Ave,Chicago,Cook,60636-1127,60636,275,0,275,275,100%,X
15016299025,12077,Hendricks Elem Community Academy,4316 S Princeton Ave,Chicago,Cook,60609-3643,60609,249,0,249,249,100%,X
15016299025,12078,Henry Elem School,4250 N Saint Louis Ave,Chicago,Cook,60618-1121,60618,528,0,528,528,100%,X
15016299025,12081,Herzl Elem School,3711 W Douglas Blvd,Chicago,Cook,60623-1413,60623,958,0,958,958,100%,X
15016299025,12082,Hibbard Elem School,3244 W Ainslie St,Chicago,Cook,60625-5018,60625,994,0,994,994,100%,X
15016299025,12083,Higgins Elem Community Academy,11710 S Morgan St,Chicago,Cook,60643-5249,60643,276,0,276,276,100%,X
15016299025,12084,King Academy of Social Justice,644 W 71st St,Chicago,Cook,60621-2357,60621,248,0,248,248,100%,X
15016299025,12085,Hitch Elem School,5625 N McVicker Ave,Chicago,Cook,60646-6102,60646,458,0,458,548,83.49%,X
15016299025,12086,Holden Elem School,1104 W 31st St,Chicago,Cook,60608-5602,60608,508,0,508,508,100%,X
15016299025,12087,Holmes Elem School,955 W Garfield Blvd,Chicago,Cook,60621-2240,60621,170,0,170,170,100%,X
15016299025,12088,Howe Elem School,720 N Lorel Ave,Chicago,Cook,60644-1666,60644,488,0,488,488,100%,X
15016299025,12090,Hoyne Elem School,8905 S Crandon Ave,Chicago,Cook,60617-3095,60617,253,0,253,253,100%,X
15016299025,12091,Hughes  C Elem School,4247 W 15th St,Chicago,Cook,60623-1929,60623,257,0,257,257,100%,X
15016299025,12092,Hurley Elem School,3849 W 69th Pl,Chicago,Cook,60629-4210,60629,834,0,834,834,100%,X
15016299025,12093,Irving Elem School,749 S Oakley Blvd,Chicago,Cook,60612-3514,60612,447,0,447,447,100%,X
15016299025,12094,Jackson A Elem Language Acad,1340 W Harrison St,Chicago,Cook,60607-3317,60607,305,0,305,550,55.32%,X
15016299025,12095,Jahn Elem School,3149 N Wolcott Ave,Chicago,Cook,60657-2044,60657,313,0,313,313,100%,X
15016299025,12096,Jamieson Elem School,5650 N Mozart St,Chicago,Cook,60659-4823,60659,920,0,920,920,100%,X
15016299025,12098,Jenner Elem Academy of the Arts,1119 N Cleveland Ave,Chicago,Cook,60610-2426,60610,258,0,258,258,100%,X
15016299025,12099,Jensen Elem Scholastic Academy,3030 W Harrison St,Chicago,Cook,60612-3343,60612,417,0,417,417,100%,X
15016299025,12100,Pilsen Elem Community Academy,1420 W 17th St,Chicago,Cook,60608-2121,60608,335,0,335,335,100%,X
15016299025,12101,Johnson Elem School,1420 S Albany Ave,Chicago,Cook,60623-2205,60623,429,0,429,429,100%,X
15016299025,12102,Jungman Elem School,1746 S Miller St,Chicago,Cook,60608-2313,60608,286,0,286,286,100%,X
15016299025,12103,Kellogg Elem School,9241 S Leavitt St,Chicago,Cook,60643-6318,60643,164,0,164,259,62.97%,X
15016299025,12104,Kershaw Elem School,6450 S Lowe Ave,Chicago,Cook,60621-2706,60621,267,0,267,267,100%,X
15016299025,12106,Kilmer Elem School,6700 N Greenview Ave,Chicago,Cook,60626-4208,60626,774,0,774,774,100%,X
15016299025,12108,Kinzie Elem School,5625 S Mobile Ave,Chicago,Cook,60638-3459,60638,535,0,535,695,76.87%,X
15016299025,12109,Kipling Elem School,9351 S Lowe Ave,Chicago,Cook,60620-2324,60620,304,0,304,304,100%,X
15016299025,12111,Lozano Elem Bilingual & Intl Ctr,1501 N Greenview Ave,Chicago,Cook,60642-2355,60642,204,0,204,204,100%,X
15016299025,12112,Kozminski Elem Community Academy,936 E 54th St,Chicago,Cook,60615-5074,60615,263,0,263,263,100%,X
15016299025,12114,LaSalle Elem Language Academy,1734 N Orleans St,Chicago,Cook,60614-5797,60614,256,0,256,561,45.63%,X
15016299025,12116,Lawndale Elem Community Academy,3500 W Douglas Blvd,Chicago,Cook,60623-1634,60623,267,0,267,267,100%,X
15016299025,12118,Lewis Elem School,1431 N Leamington Ave,Chicago,Cook,60651-1444,60651,487,0,487,487,100%,X
15016299025,12119,Libby Elem School,5300 S Loomis Blvd,Chicago,Cook,60609-5948,60609,359,0,359,359,100%,X
15016299025,12120,Lincoln Elem School,615 W Kemper Pl,Chicago,Cook,60614-3319,60614,200,0,200,900,22.2%,X
15016299025,12121,Linne Elem School,3221 N Sacramento Ave,Chicago,Cook,60618-5825,60618,667,0,667,667,100%,X
15016299025,12122,Lloyd Elem School,2103 N Lamon Ave,Chicago,Cook,60639-3238,60639,1113,0,1113,1113,100%,X
15016299025,12123,Locke  J Elem School,2828 N Oak Park Ave,Chicago,Cook,60634-4866,60634,1355,0,1355,1355,100%,X
15016299025,12124,Lovett Elem School,6333 W Bloomingdale Ave,Chicago,Cook,60639-3817,60639,381,0,381,381,100%,X
15016299025,12125,Lowell Elem School,3320 W Hirsch St,Chicago,Cook,60651-2361,60651,449,0,449,449,100%,X
15016299025,12127,Lyon Elem School,2941 N McVicker Ave,Chicago,Cook,60634-5146,60634,1422,0,1422,1422,100%,X
15016299025,12128,Madison Elem School,7433 S Dorchester Ave,Chicago,Cook,60619-2194,60619,245,0,245,245,100%,X
15016299025,12129,Manierre Elem School,1420 N Hudson Ave,Chicago,Cook,60610-1124,60610,353,0,353,353,100%,X
15016299025,12130,Mann Elem School,8050 S Chappel Ave,Chicago,Cook,60617-1091,60617,333,0,333,333,100%,X
15016299025,12132,Marquette Elem School,6550 S Richmond St,Chicago,Cook,60629-2821,60629,1177,0,1177,1177,100%,X
15016299025,12133,Marsh Elem School,9822 S Exchange Ave,Chicago,Cook,60617-5446,60617,758,0,758,758,100%,X
15016299025,12134,Mason Elem School,4217 W 18th St,Chicago,Cook,60623-2325,60623,388,0,388,388,100%,X
15016299025,12136,Mayer Elem School,2250 N Clifton Ave,Chicago,Cook,60614-3523,60614,276,0,276,764,36.11%,X
15016299025,12137,Wells Preparatory Elem Academy,249 E 37th St,Chicago,Cook,60653-1001,60653,392,0,392,392,100%,X
15016299025,12138,McClellan Elem School,3527 S Wallace St,Chicago,Cook,60609-1737,60609,342,0,342,342,100%,X
15016299025,12140,McCormick Elem School,2712 S Sawyer Ave,Chicago,Cook,60623-4738,60623,715,0,715,715,100%,X
15016299025,12141,McCutcheon Elem School,4865 N Sheridan Rd,Chicago,Cook,60640-3717,60640,392,0,392,392,100%,X
15016299025,12142,McDade Elem Classical School,8801 S Indiana Ave,Chicago,Cook,60619-6692,60619,116,0,116,195,59.23%,X
15016299025,12143,McKay Elem School,6901 S Fairfield Ave,Chicago,Cook,60629-1912,60629,814,0,814,814,100%,X
15016299025,12144,McPherson Elem School,4728 N Wolcott Ave,Chicago,Cook,60640-4364,60640,698,0,698,698,100%,X
15016299025,12147,Melody Elem School,3937 W Wilcox St,Chicago,Cook,60624-2833,60624,487,0,487,487,100%,X
15016299025,12148,Mitchell Elem School,2233 W Ohio St,Chicago,Cook,60612-1519,60612,360,0,360,402,89.53%,X
15016299025,12149,Mollison Elem School,4415 S Dr Martin L King Jr Dr,Chicago,Cook,60653-3310,60653,356,0,356,356,100%,X
15016299025,12150,Monroe Elem School,3651 W Schubert Ave,Chicago,Cook,60647-1157,60647,832,0,832,832,100%,X
15016299025,12151,Moos Elem School,1711 N California Ave,Chicago,Cook,60647-5103,60647,468,0,468,468,100%,X
15016299025,12152,Morrill Elem Math & Sci School,6011 S Rockwell St,Chicago,Cook,60629-1133,60629,668,0,668,668,100%,X
15016299025,12153,Inter-American Elem Magnet School,851 W Waveland Ave,Chicago,Cook,60613-4301,60613,523,0,523,710,73.6%,X
15016299025,12155,Mount Greenwood Elem School,10841 S Homan Ave,Chicago,Cook,60655-2611,60655,321,0,321,1131,28.35%,X
15016299025,12156,Mount Vernon Elem School,10540 S Morgan St,Chicago,Cook,60643-3098,60643,238,0,238,238,100%,X
15016299025,12157,Mozart Elem School,2200 N Hamlin Ave,Chicago,Cook,60647-2222,60647,462,0,462,462,100%,X
15016299025,12158,Murphy Elem School,3539 W Grace St,Chicago,Cook,60618-4237,60618,531,0,531,531,100%,X
15016299025,12159,Murray Elem Language Academy,5335 S Kenwood Ave,Chicago,Cook,60615-5393,60615,367,0,367,520,70.49%,X
15016299025,12160,Brown R Elem Community Acad,12607 S Union Ave,Chicago,Cook,60628-7021,60628,321,0,321,321,100%,X
15016299025,12161,Nash Elem School,4837 W Erie St,Chicago,Cook,60644-1720,60644,277,0,277,277,100%,X
15016299025,12162,Neil Elem School,8555 S Michigan Ave,Chicago,Cook,60619-5687,60619,267,0,267,267,100%,X
15016299025,12163,Nettelhorst Elem School,3252 N Broadway St,Chicago,Cook,60657-3521,60657,300,0,300,795,37.73%,X
15016299025,12164,Newberry Elem Math & Science Acad,700 W Willow St,Chicago,Cook,60614-5108,60614,445,0,445,566,78.59%,X
15016299025,12165,Carver Primary School,901 E 133rd Pl,Chicago,Cook,60827-1427,60827,501,0,501,501,100%,X
15016299025,12166,Nightingale Elem School,5250 S Rockwell St,Chicago,Cook,60632-1540,60632,1259,0,1259,1259,100%,X
15016299025,12167,Nixon Elem School,2121 N Keeler Ave,Chicago,Cook,60639-3603,60639,840,0,840,840,100%,X
15016299025,12168,Nobel Elem School,4127 W Hirsch St,Chicago,Cook,60651-1806,60651,775,0,775,775,100%,X
15016299025,12169,Norwood Park Elem School,5900 N Nina Ave,Chicago,Cook,60631-2408,60631,147,0,147,437,33.53%,X
15016299025,12170,Ogden Elem School,24 W Walton St,Chicago,Cook,60610-3304,60610,688,0,688,1700,40.42%,X
15016299025,12171,Oglesby Elem School,7646 S Green St,Chicago,Cook,60620-2854,60620,504,0,504,504,100%,X
15016299025,12172,OKeeffe Elem School,6940 S Merrill Ave,Chicago,Cook,60649-1721,60649,676,0,676,676,100%,X
15016299025,12173,Onahan Elem School,6634 W Raven St,Chicago,Cook,60631-2503,60631,341,0,341,667,51.1%,X
15016299025,12174,Oriole Park Elem School,5424 N Oketo Ave,Chicago,Cook,60656-1747,60656,251,0,251,759,32.99%,X
15016299025,12175,Piccolo Elem Specialty School,1040 N Keeler Ave,Chicago,Cook,60651-3514,60651,605,0,605,605,100%,X
15016299025,12176,Otis Elem School,525 N Armour St,Chicago,Cook,60642-6105,60642,454,0,454,454,100%,X
15016299025,12177,OToole Elem School,6550 S Seeley Ave,Chicago,Cook,60636-2500,60636,359,0,359,359,100%,X
15016299025,12179,Owen Elem Scholastic Academy,8247 S Christiana Ave,Chicago,Cook,60652-3300,60652,197,0,197,268,73.5%,X
15016299025,12181,Palmer Elem School,5051 N Kenneth Ave,Chicago,Cook,60630-2620,60630,807,0,807,807,100%,X
15016299025,12182,Parker Elem Community Academy,6800 S Stewart Ave,Chicago,Cook,60621-2441,60621,509,0,509,509,100%,X
15016299025,12184,Park Manor Elem School,7037 S Rhodes Ave,Chicago,Cook,60637-4617,60637,294,0,294,294,100%,X
15016299025,12185,Parkside Elem Community Academy,6938 S East End Ave,Chicago,Cook,60649-1422,60649,248,0,248,248,100%,X
15016299025,12186,Pasteur Elem School,5825 S Kostner Ave,Chicago,Cook,60629-5238,60629,714,0,714,714,100%,X
15016299025,12188,Peck Elem School,3826 W 58th St,Chicago,Cook,60629-3849,60629,683,0,683,683,100%,X
15016299025,12189,Peirce Elem Intl Studies School,1423 W Bryn Mawr Ave,Chicago,Cook,60660-4224,60660,941,0,941,1024,91.83%,X
15016299025,12190,Penn Elem School,1616 S Avers Ave,Chicago,Cook,60623-2401,60623,323,0,323,323,100%,X
15016299025,12191,Washington  H Elem School,9130 S University Ave,Chicago,Cook,60619-7922,60619,323,0,323,323,100%,X
15016299025,12192,Pershing Elem Humanities Magnet,3200 S Calumet Ave,Chicago,Cook,60616-4866,60616,591,0,591,591,100%,X
15016299025,12193,Peterson Elem School,5510 N Christiana Ave,Chicago,Cook,60625-4606,60625,895,0,895,897,99.67%,X
15016299025,12194,Pickard Elem School,2301 W 21st Pl,Chicago,Cook,60608-3809,60608,456,0,456,456,100%,X
15016299025,12195,Pirie Elem Fine Arts & Academic C,650 E 85th St,Chicago,Cook,60619-6112,60619,269,0,269,269,100%,X
15016299025,12196,Plamondon Elem School,2642 W 15th Pl,Chicago,Cook,60608-1703,60608,139,0,139,139,100%,X
15016299025,12198,Portage Park Elem School,5330 W Berteau Ave,Chicago,Cook,60641-1398,60641,956,0,956,956,100%,X
15016299025,12199,Prescott Elem School,1632 W Wrightwood Ave,Chicago,Cook,60614-2268,60614,309,0,309,434,71.11%,X
15016299025,12201,Prussing Elem School,4650 N Menard Ave,Chicago,Cook,60630-3348,60630,723,0,723,744,97.17%,X
15016299025,12202,Pulaski Intl Sch of Chicago,2230 W McLean Ave,Chicago,Cook,60647-4410,60647,929,0,929,931,99.78%,X
15016299025,12203,Pullman Elem School,11311 S Forrestville Ave,Chicago,Cook,60628-5107,60628,404,0,404,404,100%,X
15016299025,12205,Ravenswood Elem School,4332 N Paulina St,Chicago,Cook,60613-1220,60613,339,0,339,552,61.3%,X
15016299025,12206,Ray Elem School,5631 S Kimbark Ave,Chicago,Cook,60637-1605,60637,583,0,583,735,79.23%,X
15016299025,12208,Reavis Elem Math & Sci Spec Schl,834 E 50th St,Chicago,Cook,60615-2620,60615,255,0,255,255,100%,X
15016299025,12210,Reilly Elem School,3650 W School St,Chicago,Cook,60618-5358,60618,926,0,926,926,100%,X
15016299025,12211,Reinberg Elem School,3425 N Major Ave,Chicago,Cook,60634-4334,60634,804,0,804,804,100%,X
15016299025,12212,Revere Elem School,1010 E 72nd St,Chicago,Cook,60619-1398,60619,245,0,245,245,100%,X
15016299025,12214,Rogers Elem School,7345 N Washtenaw Ave,Chicago,Cook,60645-1429,60645,789,0,789,789,100%,X
15016299025,12216,Ruggles Elem School,7831 S Prairie Ave,Chicago,Cook,60619-2893,60619,420,0,420,420,100%,X
15016299025,12217,Ryder Elem Math & Sci Spec School,8716 S Wallace St,Chicago,Cook,60620-2124,60620,401,0,401,401,100%,X
15016299025,12219,Sauganash Elem School,6040 N Kilpatrick Ave,Chicago,Cook,60646-5816,60646,286,0,286,610,46.82%,X
15016299025,12220,Sawyer Elem School,5248 S Sawyer Ave,Chicago,Cook,60632-3131,60632,1552,0,1552,1552,100%,X
15016299025,12221,Sayre Elem Language Academy,1850 N Newland Ave,Chicago,Cook,60707-3305,60707,429,0,429,462,92.74%,X
15016299025,12222,Ashe Elem School,8505 S Ingleside Ave,Chicago,Cook,60619-6390,60619,324,0,324,324,100%,X
15016299025,12223,Scammon Elem School,4201 W Henderson St,Chicago,Cook,60641-4627,60641,750,0,750,750,100%,X
15016299025,12226,Schmid Elem School,9755 S Greenwood Ave,Chicago,Cook,60628-1610,60628,197,0,197,197,100%,X
15016299025,12228,Schubert Elem School,2727 N Long Ave,Chicago,Cook,60639-1529,60639,762,0,762,762,100%,X
15016299025,12229,Seward Elem Communication Arts Ac,4600 S Hermitage Ave,Chicago,Cook,60609-3831,60609,687,0,687,687,100%,X
15016299025,12231,Sheridan Elem Math & Science Acad,533 W 27th St,Chicago,Cook,60616-2574,60616,341,0,341,560,60.83%,X
15016299025,12232,Mireles Elem Academy,9000 S Exchange Ave,Chicago,Cook,60617-4296,60617,541,0,541,541,100%,X
15016299025,12233,Sherman Elem School,1000 W 52nd St,Chicago,Cook,60609-6012,60609,257,0,257,257,100%,X
15016299025,12234,Sherwood Elem School,245 W 57th St,Chicago,Cook,60621-4055,60621,336,0,336,336,100%,X
15016299025,12235,Shields Elem School,4250 S Rockwell St,Chicago,Cook,60632-1216,60632,841,0,841,841,100%,X
15016299025,12236,Shoesmith Elem School,1330 E 50th St,Chicago,Cook,60615-2992,60615,364,0,364,364,100%,X
15016299025,12237,Shoop Math-Sci Tech Elem Academy,11140 S Bishop St,Chicago,Cook,60643-3607,60643,434,0,434,434,100%,X
15016299025,12238,Skinner Elem School,111 S Throop St,Chicago,Cook,60607-2530,60607,413,0,413,1106,37.26%,X
15016299025,12239,Smyser Elem School,4310 N Melvina Ave,Chicago,Cook,60634-1542,60634,922,0,922,947,97.3%,X
15016299025,12240,Smyth  J Elem School,1059 W 13th St,Chicago,Cook,60608-1526,60608,470,0,470,470,100%,X
15016299025,12241,Solomon Elem School,6206 N Hamlin Ave,Chicago,Cook,60659-1096,60659,271,0,271,357,75.79%,X
15016299025,12242,Spencer Technology Acad Elem Sch,214 N Lavergne Ave,Chicago,Cook,60644-2517,60644,563,0,563,563,100%,X
15016299025,12243,Stagg Elem School,7424 S Morgan St,Chicago,Cook,60621-1047,60621,430,0,430,430,100%,X
15016299025,12244,Stevenson Elem School,8010 S Kostner Ave,Chicago,Cook,60652-2110,60652,1270,0,1270,1270,100%,X
15016299025,12246,Stone Elem Scholastic Academy,6239 N Leavitt St,Chicago,Cook,60659-3007,60659,390,0,390,630,61.84%,X
15016299025,12247,Spry Elem Community School,2400 S Marshall Blvd,Chicago,Cook,60623-4146,60623,677,0,677,677,100%,X
15016299025,12250,Stowe Elem School,3444 W Wabansia Ave,Chicago,Cook,60647-4813,60647,677,0,677,677,100%,X
15016299025,12252,Sullivan Elem School,8331 S Mackinaw Ave,Chicago,Cook,60617-2626,60617,528,0,528,528,100%,X
15016299025,12253,Sumner Elem Math & Sci Comm Acad,4320 W 5th Ave,Chicago,Cook,60624-3401,60624,280,0,280,280,100%,X
15016299025,12254,Sutherland Elem School,10015 S Leavitt St,Chicago,Cook,60643-1991,60643,292,0,292,557,52.38%,X
15016299025,12255,Swift Elem Specialty School,5900 N Winthrop Ave,Chicago,Cook,60660-3520,60660,690,0,690,690,100%,X
15016299025,12256,Talcott Elem School,1840 W Ohio St,Chicago,Cook,60622-5505,60622,506,0,506,506,100%,X
15016299025,12257,Tanner Elem School,7350 S Evans Ave,Chicago,Cook,60619-1990,60619,347,0,347,347,100%,X
15016299025,12258,Taylor Elem School,9912 S Avenue H,Chicago,Cook,60617-5597,60617,450,0,450,450,100%,X
15016299025,12260,Thorp  J N Elem School,8914 S Buffalo Ave,Chicago,Cook,60617-3416,60617,325,0,325,325,100%,X
15016299025,12261,Thorp  O A Elem Scholastic Acad,6024 W Warwick Ave,Chicago,Cook,60634-2554,60634,526,0,526,849,61.85%,X
15016299025,12262,Tilton Elem School,223 N Keeler Ave,Chicago,Cook,60624-2209,60624,311,0,311,311,100%,X
15016299025,12263,Tonti Elem School,5815 S Homan Ave,Chicago,Cook,60629-3636,60629,1054,0,1054,1054,100%,X
15016299025,12265,Twain Elem School,5134 S Lotus Ave,Chicago,Cook,60638-1630,60638,1143,0,1143,1143,100%,X
15016299025,12266,Vanderpoel Elem Magnet School,9510 S Prospect Ave,Chicago,Cook,60643-1296,60643,233,0,233,280,83%,X
15016299025,12267,Lavizzo Elem School,138 W 109th St,Chicago,Cook,60628-3433,60628,365,0,365,365,100%,X
15016299025,12268,Volta Elem School,4950 N Avers Ave,Chicago,Cook,60625-6011,60625,857,0,857,857,100%,X
15016299025,12270,Wacker Elem School,9746 S Morgan St,Chicago,Cook,60643-1541,60643,301,0,301,301,100%,X
15016299025,12271,Wadsworth Elem School,6650 S Ellis Ave,Chicago,Cook,60637-4216,60637,562,0,562,562,100%,X
15016299025,12272,Walsh Elem School,2015 S Peoria St,Chicago,Cook,60608-3432,60608,351,0,351,351,100%,X
15016299025,12273,Ward  J Elem School,2701 S Shields Ave,Chicago,Cook,60616-2624,60616,582,0,582,586,99.25%,X
15016299025,12274,Warren Elem School,9239 S Jeffery Ave,Chicago,Cook,60617-3795,60617,240,0,240,240,100%,X
15016299025,12275,Washington  G Elem School,3611 E 114th St,Chicago,Cook,60617-7498,60617,578,0,578,605,95.41%,X
15016299025,12276,Waters Elem School,4540 N Campbell Ave,Chicago,Cook,60625-3006,60625,341,0,341,627,54.28%,X
15016299025,12277,Webster Elem School,4055 W Arthington St,Chicago,Cook,60624-3502,60624,305,0,305,305,100%,X
15016299025,12278,Wentworth Elem School,1340 W 71st St,Chicago,Cook,60636-4150,60636,459,0,459,459,100%,X
15016299025,12279,Westcott Elem School,409 W 80th St,Chicago,Cook,60620-1135,60620,404,0,404,404,100%,X
15016299025,12281,Pritzker Elem School,2009 W Schiller St,Chicago,Cook,60622-1915,60622,546,0,546,753,72.49%,X
15016299025,12282,Whistler Elem School,11533 S Ada St,Chicago,Cook,60643-5198,60643,349,0,349,349,100%,X
15016299025,12283,Whitney Elem School,2815 S Komensky Ave,Chicago,Cook,60623-4450,60623,989,0,989,989,100%,X
15016299025,12284,Whittier Elem School,1900 W 23rd St,Chicago,Cook,60608-4208,60608,232,0,232,232,100%,X
15016299025,12285,Wildwood Elem School,6950 N Hiawatha Ave,Chicago,Cook,60646-1340,60646,155,0,155,496,31.17%,X
15016299025,12288,Woodson South Elem School,4414 S Evans Ave,Chicago,Cook,60653-3519,60653,330,0,330,330,100%,X
15016299025,12290,Young Elem School,1434 N Parkside Ave,Chicago,Cook,60651-1106,60651,807,0,807,807,100%,X
15016299025,12291,Yates Elem School,1839 N Richmond St,Chicago,Cook,60647-5125,60647,445,0,445,445,100%,X
15016299025,12292,Dirksen Elem School,8601 W Foster Ave,Chicago,Cook,60656-2721,60656,885,0,885,936,94.45%,X
15016299025,12293,Depriest Elem School,139 S Parkside Ave,Chicago,Cook,60644-3944,60644,551,0,551,551,100%,X
15016299025,12295,Cuffe Math-Sci Tech Elem Academy,8324 S Racine Ave,Chicago,Cook,60620-3118,60620,321,0,321,321,100%,X
15016299025,12296,Foster Park Elem School,8530 S Wood St,Chicago,Cook,60620-4734,60620,365,0,365,365,100%,X
15016299025,12297,Hughes L Elem School,240 W 104th St,Chicago,Cook,60628-2510,60628,470,0,470,470,100%,X
15016299025,12299,Grissom Elem School,12810 S Escanaba Ave,Chicago,Cook,60633-1298,60633,280,0,280,353,79.29%,X
15016299025,12301,McNair Elem School,4820 W Walton St,Chicago,Cook,60651-3209,60651,399,0,399,399,100%,X
15016299025,12302,Hay Elem Community Academy,1018 N Laramie Ave,Chicago,Cook,60651-2930,60651,385,0,385,385,100%,X
15016299025,12303,Cullen Elem School,10650 S Eberhart Ave,Chicago,Cook,60628-2954,60628,189,0,189,189,100%,X
15016299025,12308,Clark  G R Elem School,1045 S Monitor Ave,Chicago,Cook,60644-5434,60644,236,0,236,236,100%,X
15016299025,12310,Lee Elem School,6448 S Tripp Ave,Chicago,Cook,60629-5121,60629,865,0,865,865,100%,X
15016299025,12311,Langford A Elem School,6010 S Throop St,Chicago,Cook,60636-1816,60636,271,0,271,271,100%,X
15016299025,12312,Salazar Elem Bilingual Center,160 W Wendell St,Chicago,Cook,60610-2727,60610,346,0,346,346,100%,X
15016299025,12314,Leland Elem School,512 S Lavergne Ave,Chicago,Cook,60644-4948,60644,419,0,419,419,100%,X
15016299025,12316,Robinson Elem School,4225 S Lake Park Ave,Chicago,Cook,60653-3064,60653,124,0,124,124,100%,X
15016299025,12317,Hanson Park Elem School,5411 W Fullerton Ave,Chicago,Cook,60639-1459,60639,1492,0,1492,1492,100%,X
15016299025,12318,White Elem Career Academy,1136 W 122nd St,Chicago,Cook,60643-5542,60643,165,0,165,165,100%,X
15016299025,12322,McDowell Elem School,1419 E 89th St,Chicago,Cook,60619-7196,60619,155,0,155,155,100%,X
15016299025,12323,Keller Elem Gifted Magnet School,3020 W 108th St,Chicago,Cook,60655-2112,60655,66,0,66,243,27%,X
15016299025,12324,Earhart Elem Opt for Knowl School,1710 E 93rd St,Chicago,Cook,60617-3697,60617,219,0,219,240,91.07%,X
15016299025,12330,Till Elem Math & Science Academy,6543 S Champlain Ave,Chicago,Cook,60637-3441,60637,346,0,346,346,100%,X
15016299025,12331,Ward  L Elem School,646 N Lawndale Ave,Chicago,Cook,60624-1254,60624,465,0,465,465,100%,X
15016299025,12332,Smith  W Elem School,744 E 103rd St,Chicago,Cook,60628-1657,60628,361,0,361,361,100%,X
15016299025,12334,Garvey  M Elem School,10309 S Morgan St,Chicago,Cook,60643-3096,60643,251,0,251,251,100%,X
15016299025,12335,Joplin Elem School,7931 S Honore St,Chicago,Cook,60620-4560,60620,412,0,412,412,100%,X
15016299025,12336,Cardenas Elem School,2345 S Millard Ave,Chicago,Cook,60623-3110,60623,558,0,558,558,100%,X
15016299025,12337,Powell Elem Paideia Comm Academy,7511 S South Shore Dr,Chicago,Cook,60649-4305,60649,600,0,600,600,100%,X
15016299025,12343,Davis M Magnet Elem School,6740 S Paulina St,Chicago,Cook,60636-3307,60636,255,0,255,255,100%,X
15016299025,12344,Curtis Elem School,32 E 115th St,Chicago,Cook,60628-5510,60628,535,0,535,535,100%,X
15016299025,12345,Beasley Elem Magnet Academic Ctr,5255 S State St,Chicago,Cook,60609-6303,60609,1256,0,1256,1256,100%,X
15016299025,12347,Mays Elem Academy,6656 S Normal Blvd,Chicago,Cook,60621-2558,60621,375,0,375,375,100%,X
15016299025,12348,Metcalfe Elem Community Academy,12339 S Normal Ave,Chicago,Cook,60628-6413,60628,393,0,393,393,100%,X
15016299025,12349,Decatur Classical Elem School,7030 N Sacramento Ave,Chicago,Cook,60645-2848,60645,62,0,62,282,21.74%,X
15016299025,12350,Kanoon Elem Magnet School,2233 S Kedzie Ave,Chicago,Cook,60623-3317,60623,634,0,634,634,100%,X
15016299025,12351,Randolph Elem School,7316 S Hoyne Ave,Chicago,Cook,60636-3755,60636,517,0,517,517,100%,X
15016299025,12352,Poe Elem Classical School,10538 S Langley Ave,Chicago,Cook,60628-3092,60628,133,0,133,209,63.52%,X
15016299025,12354,Gunsaulus Elem Scholastic Academy,4420 S Sacramento Ave,Chicago,Cook,60632-2509,60632,810,0,810,810,100%,X
15016299025,12361,Ninos Heroes Elem Academic Ctr,8344 S Commercial Ave,Chicago,Cook,60617-2145,60617,378,0,378,378,100%,X
15016299025,12362,De Diego Elem Community Academy,1313 N Claremont Ave,Chicago,Cook,60622-2910,60622,563,0,563,563,100%,X
15016299025,12363,Turner-Drew Elem Language Academy,9300 S Princeton Ave,Chicago,Cook,60620-1514,60620,228,0,228,248,91.88%,X
15016299025,12364,Hope College Prep High School,5515 S Lowe Ave,Chicago,Cook,60621-2920,60621,115,0,115,115,100%,X
15016299025,12365,Sabin Elem Magnet School,2216 W Hirsch St,Chicago,Cook,60622-1837,60622,585,0,585,585,100%,X
15016299025,12366,Saucedo Elem Scholastic Academy,2850 W 24th Blvd,Chicago,Cook,60623-3508,60623,1290,0,1290,1290,100%,X
15016299025,12367,Daley Elem Academy,5024 S Wolcott Ave,Chicago,Cook,60609-4856,60609,606,0,606,606,100%,X
15016299025,12368,Madero Middle School,3202 W 28th St,Chicago,Cook,60623-4708,60623,336,0,336,336,100%,X
15016299025,12370,Orozco Elem Fine Arts & Sciences,1940 W 18th St,Chicago,Cook,60608-1903,60608,544,0,544,544,100%,X
15016299025,12371,Morton Elem Career Academy,431 N Troy St,Chicago,Cook,60612-1713,60612,314,0,314,314,100%,X
15016299025,12373,Clark Acad Prep Magnet High Schl,5101 W Harrison St,Chicago,Cook,60644-5102,60644,562,0,562,562,100%,X
15016299025,12375,Douglass Academy High School,543 N Waller Ave,Chicago,Cook,60644-1451,60644,108,0,108,108,100%,X
15016299025,12380,South Loop Elem School,1212 S Plymouth Ct,Chicago,Cook,60605-2718,60605,304,0,304,789,38.51%,X
15016299025,12381,Lenart Elem Regional Gifted Ctr,8101 S La Salle St,Chicago,Cook,60620-1223,60620,158,0,158,284,55.34%,X
15016299025,12384,Hancock College Preparatory HS,4034 W 56th St,Chicago,Cook,60629-4442,60629,977,0,977,977,100%,X
15016299025,12385,Casals Elem School,3501 W Potomac Ave,Chicago,Cook,60651-2231,60651,439,0,439,439,100%,X
15016299025,12387,Perez Elem School,1241 W 19th St,Chicago,Cook,60608-3200,60608,299,0,299,299,100%,X
15016299025,12390,Ruiz Elem School,2410 S Leavitt St,Chicago,Cook,60608-4032,60608,656,0,656,656,100%,X
15016299025,12392,Brighton Park Elem School,3825 S Washtenaw Ave,Chicago,Cook,60632-1633,60632,457,0,457,457,100%,X
15016299025,12395,Evergreen Academy Elem School,3537 S Paulina St,Chicago,Cook,60609-1229,60609,316,0,316,316,100%,X
15016299025,12397,Carson Elem School,5516 S Maplewood Ave,Chicago,Cook,60629-1023,60629,1102,0,1102,1102,100%,X
15016299025,12398,McAuliffe Elem School,1841 N Springfield Ave,Chicago,Cook,60647-4600,60647,734,0,734,734,100%,X
15016299025,12399,Galileo Elem Math & Sci Schol Acd,820 S Carpenter St,Chicago,Cook,60607-4237,60607,436,0,436,573,75.93%,X
15016299025,12401,Logandale Middle School,3212 W George St,Chicago,Cook,60618-7529,60618,721,0,721,721,100%,X
15016299025,12404,Chavez Elem Multicultural Acad Ct,4747 S Marshfield Ave,Chicago,Cook,60609-4159,60609,973,0,973,973,100%,X
15016299025,12407,Jordan Elem Community School,7414 N Wolcott Ave,Chicago,Cook,60626-1519,60626,513,0,513,513,100%,X
15016299025,12408,Finkl Elem School,2332 S Western Ave,Chicago,Cook,60608-3818,60608,362,0,362,362,100%,X
15016299025,12409,Ariel Elem Community Academy,1119 E 46th St,Chicago,Cook,60653-4403,60653,499,0,499,524,95.13%,X
15016299025,12410,Little Village Elem School,2620 S Lawndale Ave,Chicago,Cook,60623-4519,60623,787,0,787,787,100%,X
15016299025,12411,Zapata Elem Academy,2728 S Kostner Ave,Chicago,Cook,60623-4218,60623,774,0,774,774,100%,X
15016299025,12412,Ortiz De Dominguez Elem School,3000 S Lawndale Ave,Chicago,Cook,60623-4524,60623,544,0,544,544,100%,X
15016299025,12413,Lara Elem Academy,4619 S Wolcott Ave,Chicago,Cook,60609-3855,60609,446,0,446,446,100%,X
15016299025,12415,West Park Elem Academy,1425 N Tripp Ave,Chicago,Cook,60651-1829,60651,601,0,601,601,100%,X
15016299025,12419,Courtenay Elem Language Arts Ctr,4420 N Beacon St,Chicago,Cook,60640-5732,60640,414,0,414,414,100%,X
15016299025,12421,Graham  R Training Center,2347 S Wabash Ave,Chicago,Cook,60616-2111,60616,125,0,125,125,100%,X
15016299025,12422,Christopher Elem School,5042 S Artesian Ave,Chicago,Cook,60632-1414,60632,383,0,383,383,100%,X
15016299025,12424,Simpson Acad HS for Young Women,1321 S Paulina St,Chicago,Cook,60608-1221,60608,63,0,63,63,100%,X
15016299025,12425,Rudolph Elem Learning Center,110 N Paulina St,Chicago,Cook,60612-2600,60612,100,0,100,100,100%,X
15016299025,12426,Northside Learning Center,3730 W Bryn Mawr Ave,Chicago,Cook,60659-3134,60659,230,0,230,230,100%,X
15016299025,12428,Vaughn Occupational High School,4355 N Linder Ave,Chicago,Cook,60641-1322,60641,237,0,237,237,99.61%,X
15016299025,12430,Beard Elem School,6445 W Strong St,Chicago,Cook,60656-4011,60656,188,0,188,193,97.35%,X
15016299025,12431,Blair Early Childhood Center,6751 W 63rd Pl,Chicago,Cook,60638-4829,60638,196,0,196,196,100%,X
15016299025,12432,Stock Early Childhood Center,7507 W Birchwood Ave,Chicago,Cook,60631-4322,60631,88,0,88,237,36.83%,X
15016299025,12433,Woodlawn Elem Community School,6657 S Kimbark Ave,Chicago,Cook,60637-4481,60637,216,0,216,216,100%,X
15016299025,12434,Southside Occupational Acad HS,7342 S Hoyne Ave,Chicago,Cook,60636-3755,60636,273,0,273,274,99.59%,X
15016299025,12442,Corp Comm Schools of America,751 S Sacramento Blvd,Chicago,Cook,60612-3365,60612,341,0,341,341,100%,X
15016299025,15146,Marine Leadership Academy - Ames,1920 N Hamlin Ave,Chicago,Cook,60647-3411,60647,870,0,870,870,100%,X
15016299025,17457,Durkin Park Elem School,8445 S Kolin Ave,Chicago,Cook,60652-3131,60652,703,0,703,703,100%,X
15016299025,42516,Northwest Middle School,5252 W Palmer St,Chicago,Cook,60639-3047,60639,489,0,489,489,100%,X
15016299025,42518,Fairfield Elem Academy,6201 S Fairfield Ave,Chicago,Cook,60629-2309,60629,585,0,585,585,100%,X
15016299025,42519,Sandoval Elem School,5534 S Saint Louis Ave,Chicago,Cook,60629-3810,60629,978,0,978,978,100%,X
15016299025,42521,Northside College Preparatory Hs,5501 N Kedzie Ave,Chicago,Cook,60625-3923,60625,461,0,461,1069,43.08%,X
15016299025,42625,Locke A Elem Charter Academy,3141 W Jackson Blvd,Chicago,Cook,60612-2729,60612,498,0,498,498,100%,X
15016299025,42866,Chicago Military Academy HS,3519 S Giles Ave,Chicago,Cook,60653-1105,60653,326,0,326,326,100%,X
15016299025,44989,Hampton Elem Fine & Perf Arts Sch,3434 W 77th St,Chicago,Cook,60652-1453,60652,548,0,548,548,100%,X
15016299025,45022,Payton College Preparatory HS,1034 N Wells St,Chicago,Cook,60610-2513,60610,408,0,408,1080,37.76%,X
15016299025,46529,Colemon J Elem Academy,1441 W 119th St,Chicago,Cook,60643-5094,60643,255,0,255,255,100%,X
15016299025,46538,Young Womens Leadership Charter,2641 S Calumet Ave,Chicago,Cook,60616-2901,60616,208,0,208,208,100%,X
15016299025,47181,Columbia Explorers Elem Academy,4520 S Kedzie Ave,Chicago,Cook,60632-2904,60632,1070,0,1070,1070,100%,X
15016299025,47182,Chicago Academy Elem School,3400 N Austin Ave,Chicago,Cook,60634-4229,60634,1064,0,1064,1152,92.3%,X
15016299025,47183,Youth Connections Charter HS,10 W 35th St,Chicago,Cook,60616-3717,60616,4197,0,4197,4197,100%,X
15016299025,47184,Camelot Safe Academy School,7877 S Coles Ave,Chicago,Cook,60649-4817,60649,17,0,17,17,100%,X
15016299025,48868,Belmont-Cragin Elem School,5252 W Palmer St,Chicago,Cook,60639-3047,60639,306,0,306,306,100%,X
15016299025,48869,Ashburn Community Elem School,8300 S Saint Louis Ave,Chicago,Cook,60652-3224,60652,524,0,524,524,100%,X
15016299025,48871,Talman Elem School,5450 S Talman Ave,Chicago,Cook,60632-1520,60632,435,0,435,435,100%,X
15016299025,48872,National Teachers Elem Academy,55 W Cermak Rd,Chicago,Cook,60616-2001,60616,727,0,727,727,100%,X
15016299025,50705,North Lawndale Charter HS,1313 S Sacramento Dr,Chicago,Cook,60623-2218,60623,752,0,752,752,100%,
15016299025,50835,North River Elem School,4416 N Troy St,Chicago,Cook,60625-4520,60625,330,0,330,330,100%,X
15016299025,50836,New Field Elem School,1707 W Morse Ave,Chicago,Cook,60626-3203,60626,710,0,710,710,100%,X
15016299025,50837,Calmeca Acad Elem School,3456 W 38th St,Chicago,Cook,60632-3304,60632,809,0,809,809,100%,X
15016299025,52753,Ace Tech Charter High School,5410 S State St,Chicago,Cook,60609-6342,60609,388,0,388,388,100%,X
15016299025,52766,North-Grand High School,4338 W Wabansia Ave,Chicago,Cook,60639-4837,60639,982,0,982,982,100%,X
15016299025,52767,Claremont Academy Elem School,2300 W 64th St,Chicago,Cook,60636-2458,60636,440,0,440,440,100%,X
15016299025,52825,Raby High School,3545 W Fulton Blvd,Chicago,Cook,60624-1928,60624,446,0,446,446,100%,X
15016299025,54793,Little Village HS,Street Address not available,City not available,County not available,,,1315,0,1315,1315,100%,X
15016299025,54799,ASPIRA Charter - Haugan Campus,3729 W Leland Ave,Chicago,Cook,60625-5706,60625,422,0,422,422,100%,X
15016299025,54802,Erie Elem Charter School,1405 N Washtenaw Ave,Chicago,Cook,60622-1632,60622,420,0,420,420,100%,X
15016299025,54804,Suder Montessori Elem Magnet Schl,2022 W Washington Blvd,Chicago,Cook,60612-2429,60612,298,0,298,414,71.86%,X
15016299025,54807,Tarkington Elem School,3330 W 71st St,Chicago,Cook,60629-3503,60629,999,0,999,999,100%,X
15016299025,54808,Phoenix Military Academy HS,145 S Campbell Ave,Chicago,Cook,60612-2923,60612,537,0,537,537,100%,X
15016299025,57066,Albany Park Multicultural Elem,4929 N Sawyer Ave,Chicago,Cook,60625-5008,60625,397,0,397,561,70.69%,X
15016299025,57076,Uplift Community High School,900 W Wilson Ave,Chicago,Cook,60640-5707,60640,258,0,258,258,100%,X
15016299025,58974,Frazier Perspectives Magnet ES,4027 W Grenshaw St,Chicago,Cook,60624-3930,60624,205,0,205,205,100%,X
15016299025,60855,Academy for Global Citizenship,4647 W 47th St,Chicago,Cook,60632-4847,60632,434,0,434,468,92.63%,X
15016299025,60976,Disney II Elem School,3815 N Kedvale Ave,Chicago,Cook,60641-3113,60641,717,0,717,1148,62.4%,X
15016299025,60977,Edison Park Elem School,6220 N Olcott Ave,Chicago,Cook,60631-1815,60631,109,0,109,541,20.04%,X
15016299025,60992,Plato Learning Acad  Elem School,5545 W Harrison St,Chicago,Cook,60644-5367,60644,389,0,389,389,100%,
15016299025,62703,Hope Inst Learning Acad Elem School,1628 W Washington Blvd,Chicago,Cook,60612-2613,60612,367,0,367,367,100%,X
15016299025,62704,Hernandez Middle School,3510 W 55th St,Chicago,Cook,60632-3284,60632,998,0,998,998,100%,X
15016299025,62705,Prieto Math-Science Elem Sch,2231 N Central Ave,Chicago,Cook,60639-2956,60639,1007,0,1007,1007,100%,X
15016299025,62706,Westinghouse High School,3223 W Franklin Blvd,Chicago,Cook,60624-1502,60624,1212,0,1212,1256,96.49%,X
15016299025,62768,Peace and Education Coalition HS,4946 S Paulina St,Chicago,Cook,60609-4833,60609,118,0,118,118,100%,X
15016299025,62769,Chicago Math & Sci Elem Charter,7212 N Clark St,Chicago,Cook,60626-2416,60626,594,0,594,594,100%,X
15016299025,62770,Air Force Acad High School,3630 S Wells St,Chicago,Cook,60609-1833,60609,242,0,242,263,91.69%,X
15016299025,62771,Nkrumah Academy Charter ES,314 W 108th St,Chicago,Cook,60628-3332,60628,183,0,183,183,100%,X
15016299025,62774,EPIC Academy High School,8255 S Houston Ave,Chicago,Cook,60617-2191,60617,544,0,544,544,100%,X
15016299025,64673,West Ridge Elem School,6700 N Whipple St,Chicago,Cook,60645-4123,60645,831,0,831,831,100%,X
15016299025,64674,Azuela Elem School,4707 W Marquette Rd,Chicago,Cook,60629-5641,60629,887,0,887,887,100%,X
15016299025,64675,Solorio Academy High School,5400 S St Louis Ave,Chicago,Cook,60632-3287,60632,1201,0,1201,1201,100%,X
15016299025,64676,Garcia Lorca Elem School,3231 N Springfield Ave,Chicago,Cook,60618-5109,60618,833,0,833,833,100%,X
15016299025,64677,Camras Elem School,3000 N Mango Ave,Chicago,Cook,60634-5216,60634,932,0,932,932,100%,X
15016299025,64803,Skinner North Elem Sch,640 W Scott St,Chicago,Cook,60610-1093,60610,116,0,116,496,23.19%,X
15016299025,64851,Chicago Technology Academy HS,1301 W 14th St,Chicago,Cook,60608-1409,60608,278,0,278,278,100%,X
15016299025,64976,Urban Prep Chtr Acad Bronzeville HS,521 E 35th St,Chicago,Cook,60616-3889,60616,321,0,321,321,100%,X
15016299025,66419,South Shore Intl Col Prep HS,1955 E 75th St,Chicago,Cook,60649-3688,60649,669,0,669,669,100%,X
15016299025,66420,STEM Magnet Academy Elem,1522 W Fillmore St,Chicago,Cook,60607-4614,60607,251,0,251,437,57.29%,X
15016299025,66421,Chicago HS for the Arts,2714 W Augusta Blvd,Chicago,Cook,60622-4459,60622,386,0,386,625,61.67%,X
15016299025,66502,Devry Advantage Academy High Schl,3300 N Campbell Ave,Chicago,Cook,60618-5916,60618,161,0,161,206,77.93%,X
15016299025,66605,Urban Prep Chtr Acad West Campus HS,1326 W 14th Pl,Chicago,Cook,60608-2106,60608,218,0,218,218,100%,X
15016299025,66624,LaSalle II Lang Acad Elem Sch,1148 N Honore St,Chicago,Cook,60622-3705,60622,385,0,385,596,64.58%,X
15016299025,66683,Bowen High School,2710 E 89th St,Chicago,Cook,60617-3192,60617,343,0,343,343,100%,X
15016299025,67969,Montessori of Englewood Chtr ES,6936 S Hermitage Ave,Chicago,Cook,60636-3333,60636,314,0,314,314,100%,X
15016299025,67970,Shields Middle School,2611 W 48th St,Chicago,Cook,60632-1402,60632,605,0,605,605,100%,X
15016299025,67971,Goode STEM Academy HS,7651 S Homan Ave,Chicago,Cook,60652-1525,60652,853,0,853,903,94.41%,X
15016299025,68189,Chicago Excel Academy HS,1257 W 111th St,Chicago,Cook,60643-4509,60643,335,0,335,335,100%,
15016299025,69727,Williams Medical Prep High Sch,4934 S Wabash Ave,Chicago,Cook,60615-2115,60615,242,0,242,242,100%,X
15016299025,69728,South Shore Fine Arts Elem Sch,1415 E 70th St,Chicago,Cook,60637-4879,60637,399,0,399,399,100%,X
15016299025,69982,Back of The Yards IB HS,2111 W 47th St,Chicago,Cook,60609-4011,60609,1069,0,1069,1069,100%,X
15016299025,70318,Bronzeville Scholastic HS,4934 S Wabash Ave,Chicago,Cook,60615-2115,60615,341,0,341,341,100%,X
15016299025,70568,Intrinsic Charter High School,4540 W Belmont Ave,Chicago,Cook,60641-4541,60641,996,0,996,1012,98.38%,X
15016299025,71247,Little Black Pearl Arts Acad HS,1060 E 47th St,Chicago,Cook,60653-3600,60653,144,0,144,144,100%,X
15016299025,71855,Bridgescape Academy,10928 S Halsted St,Chicago,Cook,60628-3128,60628,767,0,767,767,100%,X
15016299025,71856,Ombudsman Chicago HS,2401 W Congress Pkwy,Chicago,Cook,60612-3534,60612,1174,0,1174,1174,100%,X
15016299025,71859,Excel Academy - Woodlawn HS,7530 S South Shore Dr,Chicago,Cook,60649-4306,60649,324,0,324,324,100%,X
15016299025,71860,Great Lakes Academy Charter ES,8401 S Saginaw Ave,Chicago,Cook,60617-2029,60617,298,0,298,298,100%,X
15016299025,71861,Foundations College Prep Charter,1233 W 109th Pl,Chicago,Cook,60643-3706,60643,227,0,227,227,100%,X
15016299025,72262,Excel Academy - Englewood HS,7141 S Morgan St,Chicago,Cook,60621-5000,60621,298,0,298,298,100%,X
15016299025,72263,Horizon Sci Academy - Southwest Charter,5401 S Western Ave,Chicago,Cook,60609-5438,60609,724,0,724,724,100%,X
15016299025,73366,ASPIRA Business and Finance High School,2989 N Milwaukee Ave,Chicago,Cook,60618-7347,60618,488,0,488,488,100%,
15016299025,73367,Moving Everest Charter School,416 N Laramie Ave,Chicago,Cook,60644-1906,60644,365,0,365,365,100%,
15016299025,74841,Southeast Area Elementary School,3930 E 105th St,Chicago,Cook,,,520,0,520,520,100%,
15016299025,74842,Walter Henri Dyett High School for the Arts,555 E 51st St,Chicago,Cook,60615-2452,60615,328,0,328,328,100%,
15016299025,74915,Richardson Middle School,6018 S Karlov Ave,Chicago,Cook,60629-4900,60629,1213,0,1213,1213,100%,
15016299025,75522,Univ of Chicago Charter Schools,1313 E 60th St,Chicago,Cook,60637-2830,60637,1759,0,1759,1759,100%,
15016299025,75523,Team Englewood Comm Acad HS,6201 S Stewart Ave,Chicago,Cook,60621-3247,60621,120,0,120,120,100%,
15016902090,74550,Amandla Charter School,6820 S Washtenaw Ave,Chicago,Cook,60629-1826,60629,248,0,248,248,100%,X
15016904090,40951,Betty Shabazz International Charter School,7823 S Ellis Ave,Chicago,Cook,60619-3213,60619,297,0,297,297,100%,X
15016904090,54813,Shabazz Intl Chtr-B A Sizemore,6936 S Hermitage Ave,Chicago,Cook,60636-3333,60636,259,0,259,259,100%,X
60105428030,15056,Illinois Youth Ctr - St Charles,3825 Campton Hills Dr,Saint Charles,Kane,60175-6062,60175,164,0,164,164,100%,
60105428030,15057,Il Youth Center - Pere Marquette,17808 State Highway 100 W,Grafton,Jersey,62037-2317,62037,39,0,39,39,100%,
60105428030,15058,Illinois Youth Center-Warrenville,PO Box 828,Warrenville,Dupage,60555-0828,60555,32,0,32,32,100%,
60105428030,15063,School District 428 IYC-HRB,1201 W Poplar St,Harrisburg,Saline,62946-3711,62946,100,0,100,100,100%,
60105428030,50647,IYC Chicago,136 N Western Ave,Chicago,Cook,60612-2222,60612,73,0,73,73,100%,
64108843051,15160,International Childrens Center,4822 N Broadway St,Chicago,Cook,60640-3604,60640,61,0,61,61,100%,
64108843051,15162,Manuel Saura Center,4822 N Broadway St,Chicago,Cook,60640-3604,60640,39,0,39,39,100%,
64108843051,15163,Neon South,4822 N Broadway St,Chicago,Cook,60640-3604,60640,18,0,18,18,100%,
64108843051,50503,Neon House,4822 N Broadway St,Chicago,Cook,60640-3604,60640,19,0,19,19,100%,
64108843051,61255,Specialized Care For Immigrant Youth,4822 N Broadway St Fl 2,Chicago,Cook,60640-3604,60640,66,0,66,66,100%,
64108843051,63557,International Children's Ctr At Beverly,4822 N Broadway St,Chicago,Cook,60640-3604,60640,39,0,39,39,100%,
64108843051,68017,International Childrens Crisis Center,4822 N Broadway St,Chicago,Cook,60640-3604,60640,218,0,218,218,100%,
65108504551,15085,Easter Seal Society Metro Chgo,1939 W 13th St Ste 300,Chicago,Cook,60608-1237,60608,111,0,111,111,100%,X
65108504551,44610,Easter Seals Therapeutic-South,17300 Ozark Ave,Tinley Park,Cook,60477-2693,60477,104,0,104,104,100%,X
65108504551,63091,Easterseals Acad - Machesney Park,8301 Mitchell Rd,Machesney Park,Winnebago,61115-7658,61115,87,0,87,87,100%,X
15016001P00,10698,Leo High School,7901 S Sangamon St,Chicago,Cook,60620-2532,60620,103,0,103,130,78.71%,X
15016001P00,10699,Most Blessed Trinity Academy,510 Grand Ave,Waukegan,Lake,60085-4251,60085,176,0,176,218,80.62%,X
15016001P00,10714,Our Lady of Humility,10601 W Wadsworth Rd,Beach Park,Lake,60099-3558,60099,45,0,45,294,15.31%,
15016001P00,10718,St Anastasia,629 W Glen Flora Ave,Waukegan,Lake,60085-1835,60085,78,16,94,209,44.98%,
15016001P00,10720,Pennoyer Elem School,5200 N Cumberland Ave,Norridge,Cook,60706-1499,60706,65,9,74,409,18.09%,
15016001P00,10722,St Francis De Sales High School,10155 S Ewing Ave,Chicago,Cook,60617-6022,60617,66,12,78,105,74.29%,
15016001P00,10723,St Bede,36399 N Wilson Rd,Ingleside,Lake,60041-9609,60041,15,1,16,189,8.47%,
15016001P00,10733,Augustus Tolton Catholic Academy,7120 S Calumet Ave,Chicago,Cook,60619-1119,60619,118,0,118,153,76.67%,X
15016001P00,10734,St Joseph,118 Lincoln Ave,Round Lake,Lake,60073-5008,60073,42,9,51,103,49.51%,
15016001P00,10738,Our Lady of Charity,3620 S 57th Ct,Cicero,Cook,60804-4235,60804,115,23,138,215,64.19%,
15016001P00,10741,St Frances of Rome,1401 S Austin Blvd,Cicero,Cook,60804-1004,60804,108,35,143,191,74.87%,
15016001P00,10745,St Mary of the Annunciation,22277 W Erhart Rd,Mundelein,Lake,60060-9551,60060,20,1,21,128,16.41%,
15016001P00,10747,St Patrick,15020 W Wadsworth Rd,Wadsworth,Lake,60083-9502,60083,20,2,22,479,4.59%,
15016001P00,10748,Divine Providence,2500 Mayfair Ave,Westchester,Cook,60154-5006,60154,31,0,31,227,13.66%,
15016001P00,10749,Divine Infant Jesus School,1640 Newcastle Ave,Westchester,Cook,60154-4447,60154,36,5,41,176,23.3%,
15016001P00,10750,St Leonard School,3322 Clarence Ave,Berwyn,Cook,60402-3752,60402,46,10,56,198,28.28%,
15016001P00,10752,St Odilo School,6617 23rd St,Berwyn,Cook,60402-2400,60402,87,18,105,218,48.17%,
15016001P00,10755,St Joseph,5641 S 73rd Ave,Summit,Cook,60501-1363,60501,87,21,108,181,59.67%,
15016001P00,10756,St John the Evangelist,513 Parkside Cir,Streamwood,Cook,60107-1645,60107,20,4,24,264,9.09%,
15016001P00,10761,St Maria Goretti School,10050 Ivanhoe Ave,Schiller Park,Cook,60176-2008,60176,46,8,54,152,35.53%,
15016001P00,10764,St Colette School,3900 Pheasant Dr,Rolling Meadows,Cook,60008-2637,60008,100,9,109,169,64.5%,
15016001P00,10766,St Alphonsus Liguori,411 N Wheeling Rd,Prospect Heights,Cook,60070-1322,60070,17,0,17,154,11.04%,
15016001P00,10768,St William School,2559 N Sayre Ave,Chicago,Cook,60707-2135,60707,77,16,93,175,53.14%,
15016001P00,10769,St Walter School,11741 S Western Ave,Chicago,Cook,60643-4731,60643,47,7,54,123,43.9%,
15016001P00,10770,Visitation Catholic School,900 W Garfield Blvd,Chicago,Cook,60609-6165,60609,130,0,130,130,100%,X
15016001P00,10771,St Viator School,4140 W Addison St,Chicago,Cook,60641-3913,60641,33,8,41,298,13.76%,
15016001P00,10772,St Barbara,2867 S Throop St,Chicago,Cook,60608-5922,60608,19,6,25,142,17.61%,
15016001P00,10775,St Agnes School,1501 Chicago Rd,Chicago Heights,Cook,60411-3424,60411,109,15,124,207,59.9%,
15016001P00,10778,St Bruno School,4839 S Harding Ave,Chicago,Cook,60632-3630,60632,96,36,132,202,65.35%,
15016001P00,10781,Our Lady of Tepeyac,2235 S Albany Ave,Chicago,Cook,60623-3414,60623,165,0,165,165,100%,X
15016001P00,10786,St Constance School,5841 W Strong St,Chicago,Cook,60630-2026,60630,53,10,63,148,42.57%,
15016001P00,10788,St Daniel the Prophet School,5337 S Natoma Ave,Chicago,Cook,60638-1223,60638,58,12,70,655,10.69%,
15016001P00,10791,St Edward,4343 W Sunnyside Ave,Chicago,Cook,60630-4147,60630,34,5,39,355,10.99%,
15016001P00,10793,Epiphany School,4223 W 25th St,Chicago,Cook,60623-3638,60623,230,0,230,238,96.31%,X
15016001P00,10794,St Ethelreda School,8734 S Paulina St,Chicago,Cook,60620-4815,60620,263,0,263,263,100%,X
15016001P00,10795,St Eugene,7930 W Foster Ave,Chicago,Cook,60656-1651,60656,7,2,9,172,5.23%,
15016001P00,10797,St Ferdinand School,3131 N Mason Ave,Chicago,Cook,60634-5114,60634,91,26,117,257,45.53%,
15016001P00,10798,Pope John Paul II Catholic School,4325 S Richmond St,Chicago,Cook,60632-2504,60632,179,0,179,179,100%,X
15016001P00,10802,St Gabriel,4500 S Wallace St,Chicago,Cook,60609-3536,60609,50,21,71,172,41.28%,
15016001P00,10803,St Gall,5515 S Sawyer Ave,Chicago,Cook,60629-3125,60629,172,16,188,186,100%,
15016001P00,10804,St Genevieve School,4854 W Montana St,Chicago,Cook,60639-2500,60639,138,28,166,205,80.98%,
15016001P00,10805,Northside Catholic Academy,6216 N Glenwood Ave,Chicago,Cook,60660-1808,60660,53,8,61,389,15.68%,
15016001P00,10808,St Helen School,2347 W Augusta Blvd,Chicago,Cook,60622-4841,60622,35,4,39,351,11.11%,
15016001P00,10811,Holy Angels School,750 E 40th St,Chicago,Cook,60653-2804,60653,225,0,225,269,83.58%,X
15016001P00,10817,Northside Catholic Academy,6216 N Glenwood Ave,Chicago,Cook,60660-1808,60660,35,3,38,209,18.18%,
15016001P00,10824,St Thomas of Canterbury,5525 N Magnolia Ave,Chicago,Cook,60640-1306,60640,250,0,250,250,100%,X
15016001P00,10827,Annunciata School,3750 E 112th St,Chicago,Cook,60617-7096,60617,32,12,44,174,25.29%,
15016001P00,10828,St Ann,2211 W 18th Pl,Chicago,Cook,60608-2506,60608,198,0,198,218,90.53%,X
15016001P00,10829,St Angela School,1332 N Massasoit Ave,Chicago,Cook,60651-1108,60651,272,0,272,272,100%,X
15016001P00,10835,St Ailbe School,9037 S Harper Ave,Chicago,Cook,60619-7990,60619,121,0,121,130,92.82%,X
15016001P00,10836,St Agnes of Bohemia,2643 S Central Park Ave,Chicago,Cook,60623-4631,60623,293,56,349,430,81.16%,
15016001P00,10841,St John Berchmans School,2511 W Logan Blvd,Chicago,Cook,60647-1926,60647,21,6,27,214,12.62%,
15016001P00,10842,St John De La Salle School,10212 S Vernon Ave,Chicago,Cook,60628-2216,60628,129,0,129,143,90.14%,X
15016001P00,10843,St Jane De Chantal School,5201 S McVicker Ave,Chicago,Cook,60638-1445,60638,20,8,28,230,12.17%,
15016001P00,10847,St John Vianney School,27 N Lavergne Ave,Northlake,Cook,60164-1664,60164,81,22,103,169,60.95%,
15016001P00,10849,St Germaine School,9735 S Kolin Ave,Oak Lawn,Cook,60453-3581,60453,27,9,36,219,16.44%,
15016001P00,10850,St Catherine of Siena-St Lucy,27 Washington Blvd,Oak Park,Cook,60302-4308,60302,151,0,151,169,88.8%,X
15016001P00,10854,St Ann School,3014 Ridge Rd,Lansing,Cook,60438-3020,60438,45,16,61,158,38.61%,
15016001P00,10857,St Alphonsus - St Patrick,20W145 Davey Rd,Lemont,Cook,60439-9009,60439,5,0,5,139,3.6%,
15016001P00,10858,St Margaret of Scotland School,9833 S Throop St,Chicago,Cook,60643-1490,60643,222,0,222,253,87.74%,X
15016001P00,10868,St Malachy School,2252 W Washington Blvd,Chicago,Cook,60612-2236,60612,208,0,208,208,100%,X
15016001P00,10869,St John Brebeuf School,8301 N Harlem Ave,Niles,Cook,60714-2616,60714,17,3,20,260,7.69%,
15016001P00,10873,Santa Lucia,3017 S Wells St,Chicago,Cook,60616-2739,60616,25,8,33,82,40.24%,
15016001P00,10874,St Hubert School,255 Flagstaff Ln,Hoffman Estates,Cook,60169-3252,60169,18,2,20,310,6.45%,
15016001P00,10879,Sacred Heart School,2926 E 96th St,Chicago,Cook,60617-5010,60617,109,21,130,171,76.02%,
15016001P00,10881,St Stanislaus Kostka School,1255 N Noble St,Chicago,Cook,60642-3336,60642,53,13,66,154,42.86%,
15016001P00,10882,St Sylvester Catholic School,3027 W Palmer Blvd,Chicago,Cook,60647-2816,60647,169,29,198,278,71.22%,
15016001P00,10883,St Symphorosa School,6125 S Austin Ave,Chicago,Cook,60638-4349,60638,49,10,59,202,29.21%,
15016001P00,10884,Pope Francis Global Academy North Campus,6040 W Ardmore Ave,Chicago,Cook,60646-5320,60646,24,3,27,246,10.98%,
15016001P00,10886,St Therese School,247 W 23rd St,Chicago,Cook,60616-1903,60616,88,23,111,304,36.51%,
15016001P00,10887,St Thomas the Apostle Elementary,5467 S Woodlawn Ave,Chicago,Cook,60615-5209,60615,100,12,112,303,36.96%,
15016001P00,10889,St Celestine School,3017 N 77th Ave,Elmwood Park,Cook,60707-1110,60707,69,8,77,405,19.01%,
15016001P00,10890,Pope John XXIII School,1120 Washington St,Evanston,Cook,60202-1620,60202,33,4,37,221,16.74%,
15016001P00,10893,St Richard School,5025 S Kenneth Ave,Chicago,Cook,60632-4535,60632,141,35,176,274,64.23%,
15016001P00,10894,St Sabina Academy,7801 S Throop St,Chicago,Cook,60620-3758,60620,215,0,215,215,100%,X
15016001P00,10896,Our Lady of Grace School,2446 N Ridgeway Ave,Chicago,Cook,60647-2325,60647,1991,0,1991,1991,100%,X
15016001P00,10897,Our Lady of Guadalupe,9050 S Burley Ave,Chicago,Cook,60617-4404,60617,150,0,150,150,100%,X
15016001P00,10901,Our Lady of the Snows School,4810 S Leamington Ave,Chicago,Cook,60638-2150,60638,133,31,164,198,82.83%,
15016001P00,10906,St Philip Neri School,2110 E 72nd St,Chicago,Cook,60649-3010,60649,109,0,109,110,99.05%,X
15016001P00,10908,St Pius V School,1919 S Ashland Ave,Chicago,Cook,60608-2903,60608,102,30,132,180,73.33%,
15016001P00,10910,St Procopius Elem School,1625 S Allport St,Chicago,Cook,60608-2131,60608,208,0,208,240,86.26%,X
15016001P00,10912,Academy of St Benedict,6020 S Laflin St,Chicago,Cook,60636-2310,60636,223,0,223,223,100%,X
15016001P00,10915,St Mary of the Angels,1810 N Hermitage Ave,Chicago,Cook,60622-1101,60622,51,10,61,228,26.75%,
15016001P00,10916,St Mary of the Lake School,1026 W Buena Ave,Chicago,Cook,60613-2009,60613,261,0,261,261,100%,X
15016001P00,10918,St Mary Star of the Sea,6424 S Kenneth Ave,Chicago,Cook,60629-5525,60629,89,30,119,218,54.59%,
15016001P00,10919,Maternity B V M School,1537 N Lawndale Ave,Chicago,Cook,60651-2105,60651,191,0,191,191,100%,X
15016001P00,10920,St Matthias/Transfiguration Sch,4910 N Claremont Ave,Chicago,Cook,60625-1972,60625,47,0,47,291,16.15%,
15016001P00,10921,St Nicholas of Tolentine School,3741 W 62nd St,Chicago,Cook,60629-4014,60629,378,0,378,395,95.52%,X
15016001P00,10922,St Nicholas Cathedral,2200 W Rice St,Chicago,Cook,60622-4811,60622,96,5,101,169,59.76%,
15016001P00,10923,Bridgeport Catholic - S Campus,3700 S Lowe Ave,Chicago,Cook,60609-1643,60609,30,6,36,253,14.23%,
15016001P00,10925,St Monica School,5115 N Mont Clare Ave,Chicago,Cook,60656-3601,60656,15,2,17,252,6.75%,
15016001P00,10926,St Michael School,8231 S South Shore Dr,Chicago,Cook,60617-2152,60617,80,0,80,80,100%,X
15016001P00,10940,St Zachary School,567 W Algonquin Rd,Des Plaines,Cook,60016-5702,60016,24,3,27,150,18%,
15016001P00,10946,Children of Peace School,1900 W Taylor St,Chicago,Cook,60612-3742,60612,62,20,82,166,49.4%,
15016001P00,10948,San Miguel/Back-of-the-Yards,1949 W 48th St,Chicago,Cook,60609-4145,60609,89,0,89,89,100%,X
15016001P00,10951,Cristo Rey Jesuit High School,1852 W 22nd Pl,Chicago,Cook,60608-4302,60608,568,0,568,578,98.14%,X
15016001P00,11652,St Benedict,2324 New St,Blue Island,Cook,60406-2402,60406,72,14,86,148,58.11%,
15016001P00,11669,St Bartholomew School,4941 W Patterson Ave,Chicago,Cook,60641-3512,60641,70,6,76,211,36.02%,
15016001P00,11670,St Bede the Venerable,8200 S Kostner Ave,Chicago,Cook,60652-2196,60652,97,46,143,280,51.07%,
15016001P00,11671,St Cajetan,2447 W 112th St,Chicago,Cook,60655-1351,60655,4,0,4,385,1.04%,
15016001P00,11704,St Hilary School,5614 N Fairfield Ave,Chicago,Cook,60659-4817,60659,56,6,62,179,34.64%,
15016001P00,11726,St Albert the Great School,5535 State Rd,Burbank,Cook,60459-2049,60459,53,10,63,185,34.05%,
15016001P00,11737,St Patricia School,9000 S 86th Ave,Hickory Hills,Cook,60457-1351,60457,30,3,33,181,18.23%,
15016001P00,11748,Pope Francis Global Academy South Campus,6143 W Irving Park Rd,Chicago,Cook,60634-2564,60634,45,6,51,207,24.64%,
15016001P00,11751,Queen of Martyrs,3550 W 103rd St,Evergreen Park,Cook,60805-2417,60805,20,2,22,235,9.36%,
15016001P00,11752,Queen of the Universe,7130 S Hamlin Ave,Chicago,Cook,60629-4321,60629,165,0,165,184,89.33%,X
15016001P00,11764,St Christopher School,14611 Keeler Ave,Midlothian,Cook,60445-2726,60445,77,16,93,208,44.71%,
15016001P00,15139,Christ Our Savior Catholic School,900 E 154th St,South Holland,Cook,60473-1106,60473,88,16,104,155,67.1%,
15016001P00,42372,Christ the King,9240 S Hoyne Ave,Chicago,Cook,60643-6303,60643,7,0,7,374,1.87%,
15016001P00,42878,St Mary School,97 Herrick Rd,Riverside,Cook,60546-2014,60546,23,4,27,394,6.85%,
15016001P00,44283,Immaculate Conception,8739 S Exchange Ave,Chicago,Cook,60617-3120,60617,208,0,208,208,100%,X
15016001P00,46370,LEARN Charter Schools,1132 S Homan Ave,Chicago,Cook,60624-4344,60624,3724,0,3724,3724,100%,X
15016001P00,47071,Prince of Peace,135 S Milwaukee Ave,Lake Villa,Lake,60046-8550,60046,16,0,16,214,7.48%,
15016001P00,50949,Ascension,601 Van Buren St,Oak Park,Cook,60304-1310,60304,36,15,51,439,11.62%,
15016001P00,57065,Providence-Englewood Elem Charter,6515 S Ashland Ave,Chicago,Cook,60636-3003,60636,511,0,511,511,100%,X
15016001P00,59074,Catalyst Circle Rock Elem School,5608 W Washington Blvd,Chicago,Cook,60644-3009,60644,521,0,521,521,100%,X
15016001P00,65043,Frassati Catholic Academy,316 W Mill St,Wauconda,Lake,60084-1832,60084,13,0,13,185,7.03%,
15016001P00,67996,Our Lady of Tepeyac High School,2228 S Whipple St,Chicago,Cook,60623-3425,60623,144,0,144,150,96%,X
15016001P00,68203,Catalyst Charter - Maria ES,6727 S California Ave,Chicago,Cook,60629-1816,60629,1250,0,1250,1250,100%,X
15016001P00,69757,Cristo Rey St Martin,501 S Martin Luther King Jr Ave,Waukegan,Lake,60085-6502,60085,332,0,332,400,82.82%,X
15016001P00,73622,LEARN Charter 9  Campus in Waukegan,540 S McAlister Ave,Waukegan,Lake,60085-6461,60085,404,0,404,404,100%,X
15016022P00,11001,Daniel F And Ada L Rice,1101 Washington St,Evanston,Cook,60202-1619,60202,36,0,36,36,100%,
15016023P00,43299,Uhlich Academy,3110 W Grand Ave,Chicago,Cook,60622-4324,60622,74,1,75,84,89.29%,
15016024P00,11008,Lydia Home Assoc,4300 W Irving Park Rd,Chicago,Cook,60641-2825,60641,41,0,41,41,100%,
15016032Y10,10705,Hales Franciscan High School,4930 S Cottage Grove Ave,Chicago,Cook,60615-2616,60615,171,3,174,192,90.63%,
15016038Y10,46914,Holy Trinity High School,1443 W Division St,Chicago,Cook,60642-3324,60642,196,42,238,348,68.39%,
15016042Z10,66271,Josephinum Academy,1501 N Oakley Blvd,Chicago,Cook,60622-1850,60622,114,14,128,188,68.09%,
15016075S19,11769,So Central Comm Serv-So Shore,7550 S Phillips Ave,Chicago,Cook,60649-3724,60649,16,0,16,17,94.12%,
15016075S19,11770,South Central Comm Serv Inc,1021 E 83rd St,Chicago,Cook,60619-5505,60619,9,0,9,11,81.82%,
15016107X01,48711,Northwest Institute,4040 W Division St,Chicago,Cook,60651-1903,60651,31,0,31,33,93.94%,
15016107X01,48712,Northwest Inst for Contemp Acad,5108 W Division St,Chicago,Cook,60651-1436,60651,62,0,62,63,98.41%,
15016117Y01,11315,Puerto Rican H S - Pedro A Campos,2739 W Division St,Chicago,Cook,60622-2854,60622,185,9,194,202,96.04%,
15016118Y05,11321,Telshe High School,3535 W Foster Ave,Chicago,Cook,60625-5526,60625,22,6,28,104,26.92%,
15016175X06,68331,Grace Christian Academy,4106 W 28th St,Chicago,Cook,60623-4358,60623,76,14,90,121,74.38%,
15016189X06,11558,St Paul Lutheran School,846 N Menard Ave,Chicago,Cook,60651-2663,60651,53,10,63,96,65.63%,
15016190X06,11559,St Paul Lutheran School,7621 S Dorchester Ave,Chicago,Cook,60619-3425,60619,62,3,65,70,92.86%,
150162990AE,42899,CICS - Prairie Campus,11530 S Prairie Ave,Chicago,Cook,60628-5612,60628,420,0,420,420,100%,X
150162990AE,75581,CICS - Avalon/South Shore,1501 E 83rd Pl,Chicago,Cook,60619-6501,60619,289,0,289,473,61.05%,X
150162990AE,75582,CICS - Basil Campus,1816 W Garfield Blvd,Chicago,Cook,60609-5606,60609,724,0,724,724,100%,X
150162990AE,75583,CICS - Bond Campus,13300 S Langley Ave,Chicago,Cook,60827-1396,60827,331,0,331,331,100%,X
150162990AE,75584,CICS - Bucktown Campus,2235 N Hamilton Ave,Chicago,Cook,60647-3303,60647,611,0,611,702,86.93%,X
150162990AE,75585,CICS - Irving Park Campus,3820 N Spaulding Ave,Chicago,Cook,60618-4413,60618,373,0,373,555,67.19%,X
150162990AE,75586,CICS - Longwood Campus,1309 W 95th St,Chicago,Cook,60643-1496,60643,1272,0,1272,1272,100%,X
150162990AE,75587,CICS - Loomis Primary Campus,9535 S Loomis St,Chicago,Cook,60643-1374,60643,553,0,553,553,100%,X
150162990AE,75588,CICS - Northtown  Campus,3900 W Peterson Ave,Chicago,Cook,,,859,0,859,904,95.02%,X
150162990AE,75589,CICS - Quest North Campus,1443 N Ogden Ave,Chicago,Cook,60610-1007,60610,245,0,245,257,95.18%,X
150162990AE,75590,CICS - Ralph Ellison Campus,1817 W 80th St,Chicago,Cook,60620-4557,60620,370,0,370,400,92.27%,X
150162990AE,75591,CICS - Washington Pk Campus,110 E 61st St,Chicago,Cook,60637-2116,60637,455,0,455,455,100%,X
150162990AE,75592,CICS - West Belden Campus,2245 N McVicker Ave,Chicago,Cook,60639-2766,60639,531,0,531,531,100%,X
150162990AE,75593,CICS - Wrightwood,8130 S California Ave,Chicago,Cook,60652-2716,60652,750,0,750,750,100%,X
150162990AF,42504,Noble Street Charter Schools,1 N State St Fl 7TH,Chicago,Cook,60602-3302,60602,510,72,582,652,89.26%,
150162990AF,57319,Noble St Chtr Rauner College Prep,1337 W Ohio St,Chicago,Cook,60642-6430,60642,439,79,518,632,81.96%,
150162990AF,57320,Noble St Chtr-Pritzker College Prep,4131 W Cortland St,Chicago,Cook,60639-4923,60639,891,49,940,984,95.53%,
150162990AF,59044,Noble St Chtr-Rowe-Clark MS Acad,3645 W Chicago Ave,Chicago,Cook,60651-3934,60651,436,13,449,462,97.19%,
150162990AF,59045,Noble St Chtr-Golder College Prep,1454 W Superior St,Chicago,Cook,60642-5255,60642,551,64,615,662,92.9%,
150162990AF,60923,Noble St Chtr-Comer College Prep,7131 S South Chicago Ave,Chicago,Cook,60619-1254,60619,869,112,981,1102,89.02%,
150162990AF,60924,Noble St Chtr-UIC College Prep,1231 S Damen Ave,Chicago,Cook,60608-1145,60608,676,122,798,935,85.35%,
150162990AF,62856,Noble St Chtr-Chicago Bulls Prep,2040 W Adams St,Chicago,Cook,60612-3052,60612,897,127,1024,1137,90.06%,
150162990AF,62857,Noble St Chtr-Muchin College Prep,1 N State St,Chicago,Cook,60602-3302,60602,669,138,807,956,84.41%,
150162990AF,64839,Noble St Chtr-Johnson College Prep,6350 S Stewart Ave,Chicago,Cook,60621-3138,60621,730,31,761,801,95.01%,
150162990AF,68187,Noble St Chtr-Hansberry College Prep - Silver,8748 S Aberdeen St,Chicago,Cook,60620-3438,60620,488,60,548,636,86.16%,
150162990AF,68188,Noble St Chtr-DRW Trading College Prep,931 S Homan Ave,Chicago,Cook,60624-4108,60624,466,14,480,515,93.2%,
150162990AF,69800,Baker College Prep,2710 E 89th Street,Chicago,Cook,,,330,21,351,368,95.38%,
150162990AF,69804,Pullman College Prep,821 E 103rd Street,Chicago,Cook,,,551,44,595,649,91.68%,
150162990AF,72004,Noble St Chtr-ITW Speer Acad,2456 N Mango Ave,Chicago,Cook,60639-2313,60639,789,130,919,1019,90.19%,
150162990AF,72005,Noble St Chtr-The Noble Academy,1443 N Ogden Ave,Chicago,Cook,60610-1007,60610,376,43,419,495,84.65%,
150162990AF,74658,Noble St Chtr - Mansueto,5101 S Keeler Ave,Chicago,Cook,60632-4205,60632,434,48,482,524,91.98%,
150162990AI,60791,Acero Chtr Sch Network,209 W Jackson Blvd,Chicago,Cook,60606-6907,60606,7592,0,7592,7592,100%,X
150162990AJ,15145,Perspectives Chtr - Joslin Campus,1930 S Archer Ave,Chicago,Cook,60616-6505,60616,325,0,325,386,84.05%,X
150162990AJ,59054,Perspectives Chtr - Leadership Acad,8131 S May St Fl 3,Chicago,Cook,60620-3007,60620,301,0,301,301,100%,X
150162990AJ,59055,Perspectives Chtr -  Calumet Middle,8131 S May St,Chicago,Cook,60620-3007,60620,135,0,135,135,100%,X
150162990AJ,59056,Perspectives Chtr - High School of Technology,8131 S May St Fl 2,Chicago,Cook,60620-3007,60620,331,0,331,331,100%,X
150162990AJ,60914,Perspectives Chtr -  IIT Campus,3663 S Wabash Ave,Chicago,Cook,60653-1032,60653,459,0,459,459,100%,X
150162990AT,52752,Namaste Charter School Inc,3737 S Paulina St,Chicago,Cook,60609-2047,60609,346,43,389,504,77.18%,
150162990BE,66326,Polaris Elem Charter Academy,620 N Sawyer Ave,Chicago,Cook,60624-1528,60624,445,0,445,445,100%,X
150162990BO,69999,IHSCA Charter High School,2520 S Western Ave,Chicago,Cook,60608-4809,60608,702,37,739,750,98.53%,
150162990BS,70000,IJLA Charter High School,2520 S Western Ave,Chicago,Cook,60608-4817,60608,83,2,85,85,100%,
150162990BT,70123,Legal Prep Academy Charter HS,4319 W Washington Blvd,Chicago,Cook,60624-2232,60624,304,0,304,304,100%,
150162990BV,71862,Chicago Collegiate Charter School,11816 S Indiana Ave,Chicago,Cook,60628-6227,60628,365,0,365,390,93.47%,X
150162990BV,71862,Chicago Collegiate Charter School,11816 S Indiana Ave,Chicago,Cook,60628-6227,60628,390,0,390,390,100%,X
150162990BW,70315,Christopher House Chrt ES,5235 W Belden St,Chicago,Cook,60639-3001,60639,345,0,345,345,100%,X
15016375P00,11700,Childserv-Emergency Group Home,146 N Sleight St,Naperville,Dupage,60540-4740,60540,5,0,5,5,100%,
15016375P00,11701,ChildServ-Downers Grove Group Home,4936 Highland Ave,Downers Grove,Dupage,60515-3628,60515,4,0,4,4,100%,
15016375P00,11702,Childserv-Lisle Group Home,4603 Main St,Lisle,Dupage,60532-1219,60532,4,0,4,4,100%,
15016397X10,65378,Chicago Jesuit Academy,5058 W Jackson Blvd,Chicago,Cook,60644-4324,60644,123,0,123,154,79.44%,X
15016409S10,11711,Misericordia Mcauley Residence,2060 W Granville Ave,Chicago,Cook,60659-3097,60659,29,0,29,29,100%,
15016422P00,57712,Thresholds Young Adult Program,4219 N Lincoln Ave,Chicago,Cook,60618-2901,60618,36,0,36,36,100%,
15016463X10,11720,St Jerome School,2801 S Princeton Ave,Chicago,Cook,60616-2602,60616,23,0,23,148,15.54%,
15016472P00,11724,Cook Co Juvenile Detention Center,1100 S Hamilton Ave,Chicago,Cook,60612-4207,60612,480,0,480,480,100%,
15016571P00,64852,Rowe Elementary,1424 N Cleaver St,Chicago,Cook,60642-2331,60642,1005,0,1005,1005,100%,X
15016705X06,11762,Holy Family School,3415 W Arthington St,Chicago,Cook,60624-4104,60624,227,44,271,314,86.31%,
15016778Z14,64339,CS Academy,6014 S Racine Ave,Chicago,Cook,60636-1918,60636,60,0,60,60,100%,
15016778Z14,73490,CS Academy II,1443 W 63rd St,Chicago,Cook,60636-2353,60636,10,0,10,10,100%,
15016791Y05,60125,Lubavitch Mesivta of Chicago,2756 W Morse Ave,Chicago,Cook,60645-4519,60645,70,19,89,121,73.55%,
15016824Y05,62841,Lubavitch Girls High Sch,6350 N Whipple St,Chicago,Cook,60659-1420,60659,51,25,76,101,75.25%,
15016883S19,15093,Esperanza School,520 N Marshfield Ave,Chicago,Cook,60622-6731,60622,46,0,46,51,90.2%,
15016894X20,42730,Oakdale Christian Academy,9440 S Vincennes Ave,Chicago,Cook,60620-3680,60620,62,19,81,124,65.32%,
15016899S19,11796,Lawrence Hall Youth Services,4833 N Francisco Ave,Chicago,Cook,60625-3640,60625,86,0,86,86,100%,
15016900X03,11797,Chicago West Side Christian Sch,1240 S Pulaski Rd,Chicago,Cook,60623-1233,60623,86,16,102,164,62.2%,
15016924P00,61131,Village Leadership Academy,800 S Wells St Ste 90,Chicago,Cook,60607-4530,60607,191,0,191,191,100%,X
15016951P00,11605,Arie Crown Hebrew Day School,4600 Main St,Skokie,Cook,60076-2034,60076,65,26,91,686,13.27%,
15016951P00,67908,Cheder Lubavitch,5201 Howard St,Skokie,Cook,60077-2808,60077,101,5,106,147,72.11%,
15016951P00,71619,Yeshiva Ohr Boruch,2828 W Pratt Blvd,Chicago,Cook,60645-4314,60645,116,45,161,249,64.66%,
15016951P00,72284,Joan Dachs Bais Yaakov Yeshivas Tiferes Tzvi,6122 N California Ave,Chicago,Cook,60659-2616,60659,348,88,436,1062,41.05%,
15016951P00,72470,Cheder Lubavitch Hebrew Day Sch,2809 W Jarvis Ave,Chicago,Cook,60645-1205,60645,73,7,80,127,62.99%,